fileno,predicted_topic
54626,guns
21643,mideast
104725,motorcycles
179037,politics
59615,medical
38929,graphics
10098,windows
54878,guns
59374,crypto
60957,pc
38846,crypto
54041,hockey
178719,guns
54551,hockey
76662,forsale
54110,hockey
105218,motorcycles
53430,christian
15854,crypto
67416,electronics
54279,electronics
76464,mideast
105052,baseball
178709,politics
59241,medical
10202,windows
178906,crypto
55108,crypto
68113,crypto
53277,atheism
59261,guns
76544,crypto
54316,mac
104734,mideast
83943,guns
52258,baseball
53495,religion
53801,crypto
16105,crypto
59452,windows
103522,autos
59310,autos
54221,electronics
21556,christian
61485,space
178915,guns
76837,medical
105097,baseball
15857,crypto
67499,graphics
15882,crypto
55050,guns
59525,medical
104943,baseball
21676,christian
54620,crypto
59568,crypto
67444,xwindows
54850,guns
61560,crypto
54561,guns
52076,electronics
54609,xwindows
52298,crypto
68254,windows
105049,autos
21636,christian
52241,crypto
76600,crypto
54896,guns
15947,crypto
10070,windows
15816,crypto
76861,crypto
76423,mideast
52343,windows
76654,forsale
103656,guns
38948,crypto
61002,pc
61094,electronics
105143,motorcycles
38778,crypto
52016,graphics
59604,guns
16066,crypto
60895,pc
76944,space
54340,electronics
105094,hockey
16132,crypto
16120,crypto
61385,crypto
103682,space
76757,pc
62114,space
55486,guns
10650,graphics
54347,pc
21717,christian
77241,mideast
53302,crypto
53625,crypto
38771,crypto
10019,windows
59468,guns
103349,autos
76787,crypto
15992,crypto
59547,christian
103530,autos
54318,crypto
38997,medical
52012,electronics
67407,electronics
53664,crypto
10189,windows
104778,baseball
21480,christian
10730,windows
103680,electronics
67460,graphics
103456,autos
61144,pc
61442,space
54277,crypto
60793,pc
16130,crypto
54294,hockey
77323,mideast
76124,pc
53539,christian
84007,guns
104945,guns
60777,graphics
53547,guns
84121,guns
76557,mideast
54888,crypto
103733,forsale
21667,christian
54108,windows
54960,guns
54912,guns
21429,christian
61563,space
59636,crypto
62450,space
60989,electronics
59330,medical
15803,crypto
61383,crypto
104889,windows
15859,crypto
15780,crypto
103739,autos
77282,mideast
179060,guns
39662,graphics
54493,electronics
67981,xwindows
60805,windows
61056,xwindows
178899,guns
105161,hockey
21450,guns
54102,hockey
54089,hockey
77339,mideast
10138,windows
40062,mac
10766,windows
53316,christian
51979,mac
15829,crypto
38784,graphics
60845,crypto
61373,space
76918,space
52069,graphics
52169,crypto
178795,mideast
105252,motorcycles
59530,crypto
54067,hockey
59431,crypto
68228,xwindows
53456,crypto
178734,guns
179095,mideast
38823,graphics
104990,baseball
38942,graphics
39645,graphics
77381,mideast
179107,politics
38886,graphics
55102,guns
54909,guns
10855,windows
84270,religion
61012,electronics
61460,crypto
10026,windows
77223,mideast
103435,crypto
67491,crypto
53790,crypto
178862,politics
51975,electronics
40008,graphics
61165,xwindows
10873,xwindows
55262,crypto
55059,guns
62394,medical
16028,crypto
76867,forsale
15745,crypto
178771,medical
59229,crypto
52118,crypto
53675,crypto
51994,mac
76436,mideast
52112,windows
104822,hockey
10934,windows
59251,crypto
103320,mideast
76479,mideast
39637,graphics
10076,windows
38991,pc
62448,space
61091,crypto
61027,windows
103387,autos
54835,guns
54599,guns
10131,windows
76388,mideast
67397,hockey
55116,guns
16129,crypto
76387,mideast
54639,mideast
61352,space
178632,politics
53425,christian
61008,pc
54078,hockey
53558,atheism
103459,medical
55063,baseball
16126,crypto
67975,xwindows
61270,crypto
103692,autos
61521,crypto
103140,graphics
53497,mideast
61541,space
59360,medical
38869,electronics
54000,hockey
77354,mideast
55250,crypto
10787,windows
76361,space
61175,graphics
21690,christian
77386,mideast
10733,windows
21444,christian
52197,mac
52433,electronics
103370,windows
60866,pc
76843,graphics
59564,medical
54754,guns
62116,space
16062,crypto
103525,autos
62405,space
38870,graphics
16353,crypto
51940,xwindows
178667,crypto
54342,crypto
59629,guns
53262,space
76354,space
54479,hockey
76419,mideast
10182,windows
53355,mideast
60765,forsale
10059,windows
39661,space
53337,christian
103174,autos
61178,pc
61561,space
39664,crypto
51995,mac
15767,crypto
10939,windows
53313,politics
21742,christian
76389,mideast
76555,forsale
59497,crypto
52073,electronics
54560,graphics
60817,pc
54057,crypto
104844,baseball
105055,graphics
179069,politics
62403,space
10849,windows
68298,xwindows
61362,space
53340,christian
54769,guns
103300,autos
54544,guns
178873,politics
104957,hockey
39656,crypto
105158,crypto
60876,windows
76477,mideast
61486,space
54019,windows
10049,windows
104841,crypto
21553,christian
54237,electronics
54764,hockey
76189,windows
21596,christian
53546,crypto
77189,mideast
84084,religion
61347,space
76309,forsale
76474,mideast
21691,christian
84220,graphics
21593,christian
76583,baseball
61318,electronics
103507,autos
76806,crypto
21490,christian
60891,forsale
53489,mideast
54559,crypto
105010,motorcycles
60882,electronics
103158,autos
10088,windows
84321,crypto
76572,autos
10146,crypto
67972,windows
61039,pc
53409,religion
52026,crypto
21650,christian
103775,autos
51959,electronics
103803,autos
54593,guns
84061,space
76461,mideast
54622,guns
10859,graphics
39000,crypto
10941,pc
54303,hockey
59301,crypto
68189,xwindows
104678,hockey
21684,windows
53987,hockey
52138,mac
59626,medical
59354,medical
60933,crypto
61428,mideast
16125,crypto
62131,crypto
76788,pc
61403,space
103694,electronics
67502,crypto
55126,guns
54343,crypto
10168,windows
21745,christian
21773,christian
84271,religion
21788,christian
67992,xwindows
16075,crypto
15877,crypto
51972,windows
178861,politics
179030,guns
15960,crypto
68312,xwindows
104991,hockey
104860,baseball
83918,religion
103493,mac
76468,mideast
76456,mideast
178902,guns
103432,hockey
15922,crypto
61407,space
67986,graphics
62427,crypto
103304,autos
15866,crypto
77820,mideast
103269,electronics
55038,guns
61501,space
59334,crypto
67988,windows
54298,hockey
104699,guns
53349,crypto
105136,motorcycles
61293,space
83944,christian
15797,crypto
104996,crypto
103204,motorcycles
179103,crypto
52107,guns
60990,mac
67438,space
55049,crypto
38761,graphics
10147,crypto
21681,christian
52072,electronics
68198,xwindows
104918,motorcycles
61105,windows
38849,crypto
54733,hockey
76445,mideast
52143,mac
10789,crypto
61322,motorcycles
76868,forsale
104916,autos
76380,mideast
52079,xwindows
54826,guns
105130,hockey
61321,space
67465,electronics
104811,crypto
53994,hockey
59539,crypto
61424,space
84265,crypto
76792,forsale
55051,guns
15990,crypto
10176,crypto
60796,xwindows
10869,windows
15995,crypto
84342,crypto
104650,politics
52149,windows
104878,crypto
77331,mideast
10829,crypto
15870,crypto
21802,christian
39065,graphics
77263,mideast
104691,motorcycles
68208,crypto
53591,atheism
67546,windows
16039,crypto
10852,windows
16058,crypto
76681,pc
60841,pc
15802,crypto
77310,mideast
10780,crypto
59555,crypto
54474,electronics
84206,guns
53673,crypto
77298,mideast
105241,autos
15988,crypto
77233,mideast
76543,mideast
104760,graphics
76442,mideast
21543,christian
21573,christian
103778,autos
61034,pc
54578,guns
60965,graphics
61174,graphics
51950,electronics
61469,graphics
103683,forsale
10083,windows
77313,mideast
59522,space
178665,guns
76558,mideast
104883,baseball
179097,mideast
68257,autos
54778,hockey
21527,christian
61451,crypto
54035,hockey
76313,forsale
103139,space
15845,crypto
21534,christian
10186,pc
54337,pc
105129,autos
60995,pc
59238,crypto
76273,autos
59603,mideast
104981,politics
61079,crypto
103812,crypto
103336,motorcycles
39621,xwindows
54017,hockey
76553,mideast
76671,forsale
59359,crypto
84057,politics
77324,mideast
84098,politics
178743,politics
178784,crypto
16081,crypto
54706,hockey
54511,hockey
10598,windows
21784,christian
178681,guns
10943,crypto
84077,crypto
76605,graphics
178638,guns
68074,xwindows
39051,graphics
76519,mideast
53630,christian
10041,crypto
84182,religion
178794,guns
61477,space
84430,christian
54760,hockey
54597,politics
59487,autos
51986,electronics
54522,guns
76359,forsale
15777,crypto
52316,pc
61331,space
21436,christian
77399,christian
54138,hockey
10870,windows
76343,forsale
104674,motorcycles
60859,pc
15784,crypto
76341,graphics
53552,guns
15880,crypto
39030,crypto
61476,crypto
59453,windows
68235,xwindows
178793,crypto
60874,electronics
67558,crypto
77257,mideast
62115,mac
16080,crypto
21567,christian
54032,crypto
59524,medical
178708,guns
21493,christian
76814,pc
76815,crypto
104941,graphics
105564,motorcycles
60721,crypto
103344,pc
10617,windows
15974,crypto
84329,space
179015,space
53632,politics
15977,crypto
53619,crypto
76487,forsale
76342,autos
54273,hockey
52260,mac
55269,crypto
15972,crypto
105011,electronics
178987,guns
53940,hockey
178802,space
76470,mideast
21658,pc
76836,electronics
15923,crypto
59366,medical
178908,guns
39073,crypto
76585,crypto
61018,graphics
67568,crypto
76306,pc
67985,crypto
53557,crypto
76821,forsale
103448,motorcycles
61339,space
103346,pc
55048,guns
38976,crypto
103206,autos
21753,christian
103143,autos
55263,guns
178651,crypto
59518,medical
53359,crypto
103728,motorcycles
179092,guns
179005,guns
77192,mideast
104863,guns
61514,space
38863,autos
10071,windows
59410,medical
39003,graphics
54293,hockey
103455,guns
67413,xwindows
105256,motorcycles
21563,christian
52275,mac
84127,politics
53645,christian
54642,guns
15916,crypto
178619,politics
68013,xwindows
21754,christian
104695,motorcycles
59368,medical
55083,mideast
21465,christian
59494,crypto
59492,graphics
59581,medical
21724,christian
61434,space
54176,hockey
104897,motorcycles
53328,crypto
67973,graphics
105118,crypto
21517,christian
53611,mideast
55057,guns
68240,crypto
104666,crypto
104748,baseball
53804,crypto
59551,medical
105046,baseball
76481,xwindows
15833,crypto
60861,pc
54520,hockey
68012,windows
21670,christian
178867,crypto
59565,medical
15805,crypto
54737,guns
103670,autos
54285,hockey
54159,baseball
68220,xwindows
53503,christian
76661,pc
105036,hockey
67421,xwindows
84209,hockey
104872,hockey
104932,motorcycles
103734,windows
84343,crypto
178673,crypto
10052,crypto
52255,electronics
61375,space
60843,pc
84554,crypto
178896,politics
21443,christian
15782,crypto
68201,xwindows
59342,medical
76592,graphics
76560,mideast
103514,crypto
53343,crypto
104668,guns
60938,pc
68225,crypto
179016,christian
105110,hockey
68109,crypto
59294,medical
68018,xwindows
59371,medical
60993,pc
60951,crypto
38949,graphics
77200,mideast
54168,hockey
61371,space
10081,windows
16041,crypto
67446,xwindows
52191,crypto
52229,pc
53317,mideast
104966,crypto
60927,windows
103452,autos
76395,mideast
179094,politics
53943,hockey
61540,space
68004,xwindows
38985,graphics
76577,pc
10046,windows
76405,mideast
76833,pc
21625,christian
59393,electronics
104732,electronics
61387,space
76246,forsale
77334,mideast
61242,xwindows
21614,christian
54247,hockey
52141,electronics
59642,crypto
54768,graphics
76404,mideast
76203,baseball
104657,baseball
68219,xwindows
60848,pc
179039,guns
54842,politics
67424,xwindows
67997,graphics
51958,electronics
53428,religion
10159,graphics
21503,christian
62481,crypto
53498,crypto
61471,space
59486,christian
105003,guns
54211,electronics
51962,crypto
84439,guns
59370,medical
104862,mideast
77221,mideast
84225,christian
54182,electronics
16351,crypto
68172,xwindows
60846,crypto
103496,crypto
54104,hockey
77813,mideast
68252,space
52002,electronics
10602,crypto
104815,graphics
60922,pc
15770,crypto
52245,mac
54541,mac
53639,crypto
54821,guns
76321,forsale
104896,motorcycles
68238,graphics
15773,crypto
68234,windows
61320,electronics
16073,crypto
77208,mideast
84289,crypto
54468,crypto
178732,crypto
68236,xwindows
178644,guns
59242,crypto
52083,xwindows
52440,pc
62385,space
54911,guns
61545,space
16117,crypto
104739,baseball
52004,crypto
54897,crypto
105211,motorcycles
76396,mideast
53884,hockey
103063,crypto
84091,christian
38933,graphics
16065,crypto
59591,politics
54496,crypto
59343,crypto
76301,forsale
178857,politics
59285,medical
68218,xwindows
54615,guns
16008,crypto
67557,crypto
59422,crypto
15856,crypto
77209,mideast
21710,christian
68321,graphics
52196,mac
54267,electronics
76564,crypto
15810,crypto
60813,windows
52337,electronics
21540,christian
105133,motorcycles
103712,autos
76842,forsale
61506,space
103460,politics
67390,xwindows
83978,space
15838,crypto
59341,medical
52110,mac
105239,motorcycles
77367,mideast
39738,crypto
61028,windows
105207,crypto
51948,crypto
16354,crypto
10115,pc
61168,crypto
10848,crypto
68078,xwindows
60964,pc
54854,guns
54326,electronics
52202,mac
178980,crypto
52406,pc
16092,crypto
105233,pc
54772,guns
52078,electronics
59225,medical
21425,christian
54725,crypto
52268,electronics
103377,crypto
59316,medical
59583,crypto
21733,christian
52187,crypto
67980,xwindows
10725,graphics
104628,hockey
53968,electronics
61473,space
103684,motorcycles
104700,hockey
53479,religion
60894,pc
76594,crypto
52158,politics
60881,pc
77382,mideast
178893,politics
54671,guns
60953,pc
104832,baseball
84564,crypto
39019,graphics
59428,crypto
10647,crypto
76545,mideast
178699,guns
52025,mac
10769,windows
60967,crypto
38770,crypto
59628,medical
68184,xwindows
68190,xwindows
10813,graphics
59322,medical
54331,electronics
68224,xwindows
68134,crypto
60824,graphics
55239,guns
103181,autos
76686,crypto
54732,hockey
39017,xwindows
179093,guns
76373,mideast
67536,crypto
77236,mideast
21642,christian
39078,graphics
15825,crypto
178627,mideast
103028,windows
76276,xwindows
38927,pc
59557,space
84331,mideast
84238,christian
84296,religion
54341,electronics
103494,autos
76236,electronics
61099,xwindows
55092,guns
61295,electronics
10672,windows
60916,pc
15942,crypto
59463,medical
178620,guns
16024,crypto
54208,hockey
105069,baseball
38858,windows
104686,baseball
15915,crypto
51955,windows
61557,crypto
59444,medical
76117,pc
104879,crypto
52221,mac
61277,space
54483,space
39012,motorcycles
103176,crypto
21419,christian
52178,christian
38768,graphics
60911,electronics
68137,xwindows
54113,electronics
103711,electronics
105227,motorcycles
77398,mideast
15848,crypto
76243,forsale
15781,crypto
68309,crypto
15925,crypto
52305,pc
52165,windows
68084,crypto
103731,space
67503,xwindows
54498,electronics
84508,christian
77191,mideast
67457,xwindows
52062,guns
84231,crypto
104751,medical
59541,crypto
61325,electronics
54868,crypto
61426,crypto
178725,crypto
10056,pc
76314,pc
10188,windows
67525,xwindows
10804,crypto
38918,graphics
61023,pc
67476,xwindows
59353,crypto
76372,mideast
84297,religion
52041,mac
54749,guns
15994,crypto
178704,guns
38835,graphics
52307,electronics
61173,pc
59287,crypto
38961,graphics
21577,christian
76680,crypto
52056,graphics
55091,crypto
67464,crypto
59562,electronics
54823,crypto
60816,crypto
54697,guns
53809,crypto
52045,windows
76472,mideast
54582,guns
10107,pc
60853,pc
84283,guns
77306,mideast
21751,christian
76653,mideast
54156,electronics
15754,crypto
59257,space
10051,windows
54771,hockey
103676,autos
55260,crypto
61440,space
54062,hockey
54006,hockey
179067,guns
54344,electronics
60830,crypto
178886,politics
15806,crypto
38911,graphics
38764,graphics
21512,christian
84075,religion
59521,medical
104988,baseball
104919,motorcycles
10174,xwindows
103770,christian
105009,crypto
54534,crypto
103222,autos
178868,crypto
39497,crypto
16144,electronics
21589,christian
178680,mideast
77279,mideast
52174,electronics
21789,politics
21528,christian
54711,guns
16031,crypto
54231,hockey
38810,space
84423,crypto
39641,electronics
21427,christian
105109,space
54750,guns
77014,pc
105037,baseball
105029,hockey
59389,crypto
53575,politics
38800,xwindows
39663,crypto
53279,crypto
10058,windows
77202,mideast
39654,crypto
61458,space
59392,guns
103257,autos
21635,christian
10121,windows
103521,autos
178672,politics
10085,windows
61480,space
38889,graphics
76624,pc
61528,space
77216,mideast
67883,xwindows
61564,space
38954,windows
77394,mideast
16127,crypto
38853,crypto
38788,electronics
59573,medical
52153,mac
52167,pc
104723,baseball
38975,graphics
16152,crypto
54699,guns
54736,guns
61312,space
84099,crypto
59443,crypto
104676,crypto
178669,politics
21434,christian
54094,electronics
52140,mac
54292,hockey
39018,graphics
104638,baseball
62404,crypto
84339,crypto
67454,crypto
103179,space
10097,crypto
61413,space
21598,christian
16034,crypto
84294,christian
15871,crypto
61543,space
53986,hockey
54585,guns
60998,crypto
53953,hockey
179109,politics
54210,electronics
68176,xwindows
53338,crypto
178647,politics
21663,christian
38938,medical
53400,mideast
59447,medical
15783,crypto
68233,xwindows
10635,windows
61313,crypto
21552,crypto
76332,crypto
103121,crypto
61279,space
76455,mideast
68108,xwindows
53795,guns
103421,autos
77228,mideast
16088,motorcycles
54204,hockey
55121,guns
21634,christian
51968,mac
103141,electronics
59648,medical
62452,space
68274,windows
54742,guns
61044,crypto
76541,mideast
59517,medical
39061,crypto
84281,crypto
84261,religion
54014,hockey
39072,crypto
52059,medical
103454,autos
103484,motorcycles
76480,mideast
178733,medical
84080,crypto
54268,baseball
76794,forsale
53476,guns
103317,guns
61496,space
59596,medical
52181,windows
77287,mideast
59236,medical
60819,pc
103376,autos
104781,autos
103154,autos
54729,hockey
61104,electronics
59430,medical
21544,christian
179003,politics
15963,crypto
52156,electronics
59417,medical
84288,crypto
39737,graphics
77816,crypto
52288,pc
39622,pc
61533,crypto
38943,crypto
39002,electronics
54874,guns
178607,politics
60822,crypto
10018,windows
54824,guns
16121,crypto
178712,politics
54183,electronics
54085,hockey
39010,graphics
53791,christian
103772,christian
38945,graphics
105132,hockey
54324,electronics
103750,autos
53592,christian
52342,crypto
10638,windows
59638,crypto
103458,motorcycles
76230,forsale
67550,xwindows
53579,crypto
179113,politics
178476,politics
84019,guns
60789,electronics
178707,politics
59284,medical
76199,crypto
104646,baseball
59477,crypto
67477,crypto
68089,crypto
61132,pc
53554,mideast
60774,crypto
38776,crypto
67542,xwindows
103322,crypto
178871,guns
61176,crypto
39077,graphics
61126,pc
105145,baseball
178742,crypto
76536,mideast
53923,hockey
54112,hockey
10903,windows
53553,mideast
84319,guns
21584,christian
61015,pc
59298,motorcycles
104846,mideast
105560,guns
10865,windows
60893,crypto
54352,electronics
76432,mideast
103129,crypto
178756,crypto
77370,mideast
61552,crypto
59382,crypto
39665,graphics
77321,mideast
38930,space
77213,mideast
105008,motorcycles
59560,medical
77179,mideast
104727,windows
103754,medical
68193,xwindows
59429,electronics
105235,guns
104960,graphics
55087,guns
103180,autos
103375,electronics
178608,politics
52005,crypto
68215,xwindows
60849,pc
54105,hockey
61141,crypto
84082,christian
52294,electronics
53488,mideast
52090,electronics
54170,hockey
60937,electronics
68260,crypto
38819,graphics
59483,guns
16006,crypto
52088,mac
59355,politics
104706,hockey
54107,hockey
54763,guns
54166,hockey
52405,graphics
10073,windows
178716,guns
178747,guns
21600,crypto
59460,electronics
10838,crypto
84264,christian
10834,windows
21748,christian
178659,politics
61059,electronics
76539,mideast
59423,crypto
77361,mideast
103333,autos
54857,crypto
103666,motorcycles
54329,crypto
105027,space
61398,space
68087,xwindows
179063,politics
53606,atheism
54624,guns
62400,space
61121,space
38925,graphics
61159,pc
103380,crypto
61262,space
59438,graphics
61073,pc
39015,crypto
54305,hockey
39035,graphics
10853,windows
59275,medical
53640,motorcycles
39076,electronics
59640,pc
178654,guns
61350,crypto
76830,xwindows
77391,mideast
77181,crypto
105106,motorcycles
54734,guns
10037,pc
53540,christian
21651,space
77199,mideast
21682,christian
59433,medical
61299,politics
10906,graphics
76255,motorcycles
54894,guns
53996,hockey
53280,christian
61527,space
53487,crypto
67541,xwindows
103685,autos
10103,pc
54033,hockey
54212,pc
67456,crypto
84240,crypto
52126,crypto
59572,medical
59621,electronics
53677,guns
21607,christian
77379,mideast
103405,guns
103337,crypto
84312,religion
77270,mideast
77277,crypto
105245,crypto
77256,mideast
38913,graphics
104652,baseball
52434,mac
84560,christian
76198,forsale
10767,windows
77400,mideast
105111,guns
76460,mideast
10175,crypto
104623,baseball
52137,mac
61425,crypto
54920,guns
59504,medical
16141,crypto
52254,electronics
59520,electronics
59293,electronics
76845,electronics
178895,politics
54698,mideast
76501,crypto
39620,crypto
52259,pc
60997,pc
15884,crypto
76679,crypto
103373,mideast
53633,christian
10936,crypto
103122,windows
15847,crypto
52300,windows
59401,medical
61147,pc
76242,pc
53496,guns
61405,space
54052,hockey
39670,crypto
105054,electronics
54908,mideast
105240,autos
77178,mideast
179053,guns
54320,crypto
16036,crypto
39626,crypto
21474,christian
60883,pc
60836,electronics
21511,christian
76326,forsale
54740,hockey
84276,mideast
53586,crypto
62412,crypto
179105,guns
104656,baseball
21484,christian
21432,christian
54100,hockey
76240,forsale
179070,mideast
104667,baseball
15998,crypto
83967,christian
84252,christian
52115,windows
21723,christian
39042,pc
21726,christian
10937,windows
178880,guns
61353,space
61166,electronics
104782,crypto
84353,hockey
76859,forsale
60794,electronics
103425,guns
15751,crypto
15774,crypto
21698,christian
61031,pc
21514,christian
52103,electronics
52304,crypto
10945,pc
61150,pc
68299,graphics
104630,crypto
38762,graphics
60809,pc
68237,crypto
77224,mideast
84189,guns
54638,guns
60832,pc
104720,crypto
15864,crypto
68255,windows
51961,crypto
76386,mideast
39647,graphics
10810,windows
61275,guns
103151,autos
54918,guns
83922,medical
15958,crypto
21426,christian
10822,windows
104812,electronics
68014,xwindows
103216,graphics
103155,motorcycles
61172,forsale
16357,guns
53346,mideast
15815,crypto
84429,crypto
61164,electronics
39005,electronics
59576,medical
61507,electronics
59234,crypto
84511,guns
105063,baseball
59332,medical
55095,medical
103078,graphics
53950,hockey
104926,medical
105122,motorcycles
52106,graphics
59500,christian
54348,electronics
67571,xwindows
10166,windows
15812,crypto
59526,mideast
103428,autos
60771,pc
39646,crypto
76796,forsale
38840,graphics
103659,windows
54485,crypto
67483,xwindows
77231,mideast
76862,forsale
104938,baseball
77318,mideast
104947,hockey
38839,graphics
61526,space
84222,christian
83919,christian
54367,hockey
67534,xwindows
84251,religion
105244,crypto
103213,crypto
76383,mideast
15898,crypto
105050,baseball
15970,crypto
55119,guns
103779,electronics
105062,baseball
77328,mideast
67445,xwindows
59260,politics
59558,medical
55487,hockey
83905,christian
178655,politics
54833,guns
55485,guns
10600,windows
21703,christian
10765,windows
104849,baseball
76881,electronics
55076,guns
60872,pc
54846,guns
103362,autos
68068,crypto
54238,space
38804,xwindows
178606,guns
67490,windows
68311,xwindows
21482,christian
59531,medical
61556,space
15742,crypto
52021,graphics
61337,space
103499,autos
103447,medical
84313,autos
54016,hockey
76844,forsale
54241,electronics
76823,electronics
76704,pc
51973,electronics
76546,xwindows
59364,crypto
61463,space
16067,crypto
84015,guns
76418,crypto
103691,autos
21513,christian
103740,autos
60988,forsale
77220,mideast
104818,baseball
10207,graphics
53356,christian
59432,medical
76439,mideast
54906,guns
39064,crypto
84237,mideast
10179,windows
67472,xwindows
76344,pc
104835,baseball
67440,xwindows
53353,autos
21485,christian
10099,windows
53416,religion
105073,baseball
21777,crypto
54581,guns
76811,crypto
16344,crypto
15876,crypto
62386,crypto
21562,christian
67538,crypto
77819,mideast
103264,autos
76648,mac
54480,electronics
10048,windows
52150,crypto
21705,guns
55088,baseball
103123,autos
39640,graphics
61278,crypto
77201,mideast
59367,space
76275,space
59593,medical
179050,politics
10124,crypto
61554,crypto
59335,medical
62388,crypto
10830,windows
105028,electronics
59519,crypto
61156,electronics
16014,crypto
84218,guns
54540,guns
10014,graphics
179026,space
16061,crypto
60786,graphics
84156,politics
21752,christian
77183,mideast
61508,space
55233,guns
67507,xwindows
178697,guns
104899,motorcycles
61072,pc
103198,autos
178877,politics
59509,medical
67500,crypto
61106,electronics
10642,graphics
104716,baseball
52000,mac
52289,graphics
104847,hockey
21479,christian
61530,space
84274,religion
54051,hockey
61271,space
52024,mac
76494,forsale
59598,crypto
68191,xwindows
103221,motorcycles
105057,crypto
76817,forsale
68188,xwindows
60939,pc
178618,politics
104839,hockey
104962,mideast
105128,motorcycles
53811,religion
54643,guns
52209,electronics
105140,motorcycles
105212,motorcycles
54114,hockey
61483,space
105078,crypto
10821,crypto
52023,windows
54762,hockey
178934,crypto
16119,crypto
21725,christian
38907,crypto
53297,christian
54917,guns
67524,xwindows
59412,space
67509,xwindows
54215,electronics
21719,christian
59383,crypto
60839,pc
104999,baseball
76828,forsale
84136,crypto
10791,crypto
60844,pc
10732,windows
53938,hockey
16033,crypto
61129,pc
60783,windows
54508,hockey
54613,guns
21472,christian
52293,mac
39488,crypto
62615,crypto
15869,crypto
38812,graphics
54240,hockey
105135,motorcycles
103669,autos
15875,crypto
61522,crypto
21463,christian
10134,crypto
59288,medical
21787,christian
178624,politics
54172,hockey
76659,forsale
55096,guns
54602,guns
104861,xwindows
53475,religion
105034,baseball
10192,crypto
59346,crypto
76318,electronics
38952,crypto
104853,hockey
54283,hockey
53623,mideast
53635,christian
104710,guns
59321,space
55278,crypto
52014,mac
104726,hockey
16046,crypto
53413,mideast
77283,mideast
38919,crypto
39659,xwindows
59254,graphics
61040,pc
52230,pc
84310,crypto
54325,politics
52177,mac
104810,motorcycles
15987,crypto
62104,space
53423,christian
103331,autos
62474,space
59351,crypto
178740,crypto
38926,graphics
62418,politics
54591,guns
104671,crypto
16077,crypto
76676,crypto
84159,guns
76250,electronics
67979,forsale
54167,hockey
52003,pc
105001,baseball
104949,hockey
10092,electronics
60976,xwindows
76853,forsale
21455,christian
178753,mideast
15936,crypto
61050,pc
53260,mideast
51978,mac
60898,windows
52272,electronics
10123,crypto
59373,medical
15747,crypto
53934,hockey
61525,space
67530,crypto
84250,religion
15908,crypto
38867,graphics
38797,graphics
68209,crypto
60837,pc
21616,christian
61369,graphics
54879,crypto
59397,crypto
76938,crypto
53278,atheism
59630,crypto
54590,guns
15730,crypto
38955,graphics
77351,mideast
105043,crypto
84085,religion
21440,christian
10835,windows
104948,baseball
21547,christian
59589,crypto
15822,crypto
54045,mac
54350,electronics
54616,crypto
21779,christian
15732,crypto
60738,pc
62387,crypto
103338,space
59436,space
61364,space
38888,crypto
54713,guns
21762,christian
76795,forsale
15858,crypto
178661,crypto
61386,space
54196,crypto
55483,guns
16050,crypto
62428,crypto
104640,crypto
39036,crypto
67495,xwindows
76640,crypto
21521,christian
60935,electronics
103215,windows
52214,pc
61037,windows
103217,autos
52180,crypto
59513,crypto
38790,graphics
16101,crypto
76581,space
51989,hockey
104801,motorcycles
76409,crypto
62317,space
178711,politics
51990,pc
103722,electronics
21518,christian
60791,pc
103515,autos
59286,medical
15841,crypto
76820,forsale
103342,guns
103301,autos
105138,autos
103212,graphics
53902,hockey
10907,windows
10193,crypto
104733,mac
77214,mideast
21694,christian
15771,crypto
39048,graphics
61433,space
77232,mideast
61302,space
10065,windows
52270,mac
15744,crypto
52089,windows
103531,autos
61523,space
60864,pc
67489,crypto
178629,crypto
54181,electronics
54527,hockey
105517,motorcycles
52267,electronics
15932,crypto
54188,crypto
21610,christian
54192,crypto
54021,hockey
15935,crypto
21612,christian
104626,baseball
21469,christian
77271,mideast
38877,crypto
38982,graphics
59273,crypto
103166,crypto
21747,christian
76457,mideast
16118,crypto
54755,guns
15808,crypto
61400,crypto
60910,pc
61555,space
67480,crypto
54550,guns
59471,medical
16137,crypto
178714,guns
76239,crypto
60862,pc
52171,pc
67442,xwindows
21781,christian
53506,crypto
53329,politics
77316,mideast
54855,guns
21619,christian
77383,mideast
15937,crypto
68110,xwindows
179106,guns
38844,graphics
61374,space
103353,medical
10727,crypto
39044,xwindows
76537,mideast
83980,crypto
61143,windows
76834,forsale
104744,hockey
52081,crypto
61415,space
76384,mideast
61115,pc
62150,space
84340,guns
54038,hockey
67468,crypto
61399,electronics
55082,guns
104625,hockey
77194,mideast
84434,guns
104821,baseball
52201,pc
104900,motorcycles
54289,hockey
178863,crypto
10844,windows
103806,motorcycles
105080,baseball
178982,crypto
59270,crypto
103238,autos
84247,religion
179033,politics
59501,crypto
21664,christian
38852,graphics
67492,xwindows
21569,graphics
15971,crypto
52404,crypto
104689,motorcycles
103069,politics
16083,crypto
178932,politics
55470,guns
61067,xwindows
54230,hockey
52194,electronics
84569,guns
54588,guns
38866,graphics
105020,baseball
178600,space
54513,hockey
76647,electronics
103674,autos
54529,hockey
21498,christian
77375,mideast
68229,crypto
15890,crypto
104693,motorcycles
38904,crypto
104922,politics
54921,crypto
52061,mac
104746,hockey
38957,graphics
77239,crypto
54495,space
84239,crypto
83992,crypto
103197,autos
104622,baseball
38803,crypto
103753,autos
76433,mideast
38944,graphics
83971,crypto
15895,crypto
76434,mideast
38791,electronics
55106,guns
16026,electronics
54151,electronics
178881,politics
105142,motorcycles
52251,electronics
83910,crypto
104978,crypto
59419,guns
52303,mac
15750,crypto
59488,medical
54117,electronics
38780,mac
61448,crypto
67461,xwindows
54254,electronics
76503,autos
67415,xwindows
54365,hockey
60865,electronics
53603,atheism
84438,religion
103125,autos
68332,xwindows
59420,space
60955,pc
77218,mideast
61140,pc
38850,electronics
178878,politics
10079,windows
53582,religion
21669,politics
76591,pc
76599,forsale
59363,medical
52092,xwindows
59384,crypto
61532,crypto
61006,windows
76571,pc
21628,christian
68120,crypto
76559,mideast
16021,crypto
61357,crypto
76527,crypto
54336,pc
21613,mideast
55266,guns
103451,crypto
21413,christian
59474,medical
10645,windows
10742,graphics
15986,crypto
103524,graphics
60773,pc
61163,pc
60825,electronics
67553,crypto
105152,crypto
179034,crypto
10119,crypto
54525,hockey
10114,windows
54195,graphics
54010,hockey
178605,politics
55118,mideast
62373,space
84139,guns
62478,crypto
21648,christian
54281,electronics
10061,windows
68302,graphics
61134,pc
16015,crypto
178812,politics
52042,windows
60857,crypto
105068,baseball
68322,xwindows
59445,graphics
76813,crypto
21668,christian
103705,autos
76119,pc
103706,crypto
68086,crypto
84213,religion
103335,autos
103411,forsale
104855,baseball
16035,crypto
60901,pc
10726,crypto
105242,autos
60814,xwindows
59466,crypto
54869,guns
76437,mideast
67399,xwindows
21718,motorcycles
54859,mideast
104659,hockey
59313,crypto
178766,crypto
104845,crypto
10910,crypto
21430,politics
53537,christian
38983,windows
178903,guns
103082,autos
21533,christian
55084,guns
10785,windows
77850,mideast
103298,windows
54214,electronics
21466,christian
77250,mideast
76201,crypto
53886,hockey
54845,guns
103418,autos
21538,christian
76303,mac
77207,mideast
54178,electronics
52099,guns
15919,crypto
103263,space
54328,crypto
52127,electronics
54034,hockey
61372,crypto
105253,motorcycles
103453,autos
77185,crypto
59552,space
16074,crypto
61412,space
21801,crypto
51999,pc
61416,space
59357,mideast
38890,graphics
61323,space
54130,electronics
77304,mideast
76420,mideast
52163,pc
54009,hockey
104834,baseball
104856,baseball
10015,crypto
103164,motorcycles
21791,space
15957,crypto
16102,crypto
104754,crypto
54284,hockey
68249,crypto
60954,crypto
54239,hockey
59385,crypto
53393,christian
103386,autos
10805,crypto
16018,crypto
54262,hockey
39633,crypto
52048,crypto
67398,xwindows
15799,crypto
59606,christian
59585,medical
54507,hockey
16057,crypto
76551,mideast
38958,windows
21655,christian
104817,hockey
62449,space
55280,guns
53401,space
59264,crypto
21526,christian
54335,autos
77251,mideast
103709,autos
105101,motorcycles
60826,pc
76674,pc
59489,electronics
52212,xwindows
61466,space
53805,christian
10698,pc
76809,mac
54623,guns
68076,crypto
21433,christian
178810,mideast
60948,windows
104998,baseball
105561,motorcycles
54640,guns
61529,space
52210,autos
103077,motorcycles
59631,xwindows
51956,windows
38977,windows
15907,crypto
52058,crypto
178736,mideast
54774,hockey
77187,crypto
61365,crypto
39062,crypto
52114,electronics
54509,hockey
55081,guns
104951,hockey
38969,graphics
178633,politics
52226,electronics
52173,crypto
59543,space
16000,crypto
10604,windows
21414,christian
54773,hockey
62708,crypto
103316,crypto
84192,politics
52222,windows
84063,christian
39024,crypto
105206,motorcycles
52009,electronics
59378,space
52286,motorcycles
38807,crypto
103667,electronics
52311,space
178769,guns
103371,space
68231,xwindows
179116,guns
84249,religion
103505,crypto
53624,mideast
77206,mideast
53786,christian
61019,windows
21689,crypto
39023,graphics
104920,motorcycles
68118,xwindows
21452,christian
39655,graphics
10130,pc
105060,baseball
52159,electronics
52168,mac
60761,crypto
15873,crypto
60917,pc
59356,crypto
103067,crypto
61114,pc
77319,mideast
10694,pc
52067,windows
61136,pc
39032,crypto
54545,hockey
61558,space
52157,crypto
54174,hockey
84552,crypto
38796,xwindows
61370,space
10871,windows
68174,windows
76677,motorcycles
104721,hockey
105236,motorcycles
21640,christian
54903,crypto
84233,christian
103660,motorcycles
105045,baseball
55234,guns
38831,crypto
54477,crypto
61395,space
104632,crypto
21502,christian
59641,mideast
15753,crypto
54030,hockey
54358,hockey
54349,crypto
61516,space
76866,forsale
15969,crypto
38906,crypto
59442,graphics
76363,forsale
84266,christian
77804,mideast
77278,mideast
39049,crypto
53315,guns
60920,pc
38763,graphics
178634,politics
21672,christian
104851,baseball
67487,crypto
179058,politics
54037,hockey
10640,crypto
76839,crypto
76360,forsale
10108,windows
10608,windows
104877,hockey
104777,crypto
15897,crypto
61158,pc
21522,christian
84140,christian
59256,medical
61061,pc
84304,christian
76364,windows
54072,hockey
60936,crypto
67564,xwindows
76278,electronics
61267,space
77243,mideast
104643,crypto
10796,crypto
54712,guns
54669,guns
21524,christian
103650,graphics
61102,electronics
10191,windows
54641,guns
59280,medical
21459,christian
67999,graphics
39487,windows
77254,mideast
10180,windows
38779,windows
54004,hockey
103343,space
105156,crypto
67994,xwindows
105139,motorcycles
105216,motorcycles
52256,mac
53948,hockey
84235,crypto
55271,crypto
53504,mideast
38916,graphics
52334,mac
61317,crypto
39053,crypto
59548,crypto
76357,forsale
103195,crypto
84568,crypto
76668,forsale
52327,crypto
60852,graphics
38774,graphics
103182,autos
103199,electronics
59635,guns
84559,crypto
76416,mideast
10045,windows
76649,autos
61360,crypto
59303,medical
61146,forsale
104701,baseball
103339,autos
59409,pc
39643,crypto
67469,crypto
178475,crypto
76838,crypto
38868,windows
59485,christian
76444,politics
10856,windows
76570,mac
103244,crypto
105042,medical
54291,hockey
61449,crypto
54206,mac
62479,space
59398,christian
16007,crypto
61314,space
21749,crypto
10845,windows
61381,space
38799,graphics
59476,crypto
15949,crypto
67412,xwindows
76200,pc
61394,space
15939,crypto
38777,crypto
103527,motorcycles
84246,christian
84311,space
21785,christian
84066,christian
53364,crypto
68159,xwindows
54095,hockey
104854,baseball
178648,crypto
104921,autos
52224,mac
15921,crypto
61566,graphics
54949,crypto
54491,crypto
52148,space
60987,crypto
15758,crypto
38946,graphics
104800,motorcycles
10770,windows
59600,christian
53972,electronics
61324,space
61305,space
10610,graphics
77395,mideast
103414,autos
67443,windows
84348,mideast
62402,crypto
103717,motorcycles
61468,crypto
54557,guns
104893,baseball
61379,crypto
67396,xwindows
55062,guns
54346,electronics
61118,windows
53945,hockey
54184,electronics
54088,hockey
38892,pc
21792,electronics
16025,crypto
77197,mideast
39658,space
61246,electronics
15759,crypto
52336,graphics
21571,christian
21674,christian
104868,baseball
77203,mideast
59248,medical
62409,crypto
53363,windows
21597,christian
62398,space
103701,medical
53939,hockey
77810,mideast
61472,graphics
54116,hockey
67475,space
16011,crypto
61495,space
77196,mideast
38758,graphics
61344,space
103147,autos
68243,windows
38793,crypto
61274,space
15827,crypto
21496,christian
59268,crypto
178888,politics
52164,pc
60818,pc
104813,hockey
61285,crypto
179088,guns
59455,graphics
38931,crypto
52057,electronics
21763,christian
60827,pc
178981,guns
103720,electronics
10818,crypto
38953,graphics
52077,mac
61251,crypto
15883,crypto
77322,mideast
104774,hockey
60781,pc
21734,christian
104729,baseball
55037,crypto
21570,christian
59408,medical
54258,hockey
21559,politics
179036,guns
178984,guns
61045,graphics
61497,crypto
38818,graphics
104972,crypto
16064,crypto
15794,crypto
53667,crypto
178778,mideast
54957,crypto
15867,crypto
54838,guns
76410,mideast
52199,electronics
61062,pc
60875,xwindows
61029,electronics
60969,pc
61478,space
178876,crypto
103495,guns
10599,windows
76407,mideast
55109,guns
76403,mideast
59577,medical
61063,pc
104997,crypto
54169,hockey
10057,windows
15941,crypto
84380,christian
52060,crypto
39623,graphics
179008,politics
39631,graphics
52121,mac
54261,hockey
60806,pc
76322,graphics
10819,graphics
61382,space
103065,autos
104661,crypto
38773,autos
61464,space
67549,xwindows
55120,guns
53365,christian
54065,hockey
67447,xwindows
15964,crypto
105048,hockey
67455,windows
178631,politics
55489,guns
76685,electronics
52015,electronics
54914,guns
52236,xwindows
60984,pc
52019,electronics
103503,autos
105250,motorcycles
104767,baseball
53620,crypto
38832,graphics
61559,space
77397,mideast
21795,christian
21696,christian
39630,graphics
77349,mideast
76667,forsale
40027,crypto
39075,graphics
16138,crypto
103695,crypto
51942,crypto
76443,mideast
103752,autos
10126,graphics
178612,crypto
54255,hockey
68239,xwindows
10800,windows
52179,mac
77186,mideast
104973,baseball
67552,crypto
178746,politics
54203,hockey
105107,baseball
54716,hockey
76665,motorcycles
15842,crypto
54535,hockey
53670,crypto
52151,crypto
16165,crypto
52017,mac
54893,crypto
61258,space
54592,guns
104992,baseball
61430,space
61069,pc
105075,crypto
38887,crypto
103708,autos
52071,mac
105225,mideast
54207,hockey
105213,autos
76851,forsale
67459,graphics
59490,medical
61139,mac
62451,electronics
77280,mideast
59296,medical
52155,mac
178986,crypto
178635,mideast
10790,baseball
54478,hockey
61402,autos
104735,baseball
103135,autos
105563,electronics
103813,space
52027,electronics
15800,crypto
15807,crypto
60943,pc
39079,crypto
67518,space
104665,baseball
77805,mideast
10607,crypto
60795,pc
10075,windows
105079,baseball
54028,hockey
59506,medical
52034,crypto
54313,crypto
21505,crypto
104635,crypto
104707,hockey
54353,electronics
104677,baseball
76458,mideast
84232,crypto
15824,crypto
60977,crypto
61065,graphics
54853,guns
178636,guns
39045,crypto
103751,autos
21621,hockey
61479,space
39001,crypto
77364,mideast
21486,graphics
60802,pc
77347,mideast
53600,mideast
21499,christian
76656,crypto
67484,electronics
54919,guns
76489,forsale
21704,christian
52306,pc
52013,mac
53949,mac
55275,guns
53361,atheism
105153,space
16148,crypto
53583,religion
61280,crypto
77210,mideast
53538,christian
61450,space
21475,christian
178884,mideast
103688,autos
104987,baseball
10622,crypto
38820,graphics
52130,crypto
54537,hockey
103267,electronics
21692,christian
104969,baseball
59276,medical
76402,mideast
59499,medical
15735,crypto
67522,xwindows
77356,mideast
54757,hockey
21793,crypto
84442,christian
10933,crypto
54111,hockey
55258,crypto
52215,mac
84306,christian
178683,guns
61537,graphics
39632,graphics
67506,xwindows
76482,forsale
77380,mideast
54145,electronics
15980,crypto
39673,crypto
21759,crypto
21560,mideast
52220,electronics
105031,crypto
55267,guns
76901,crypto
38995,mideast
52116,crypto
61453,crypto
59345,crypto
21730,crypto
84307,hockey
10187,windows
178741,crypto
10066,crypto
77384,mideast
67452,space
77314,mideast
84221,crypto
54228,hockey
104912,autos
61283,motorcycles
105039,hockey
52010,electronics
55238,crypto
104769,crypto
179042,politics
60763,crypto
15985,crypto
38909,xwindows
39083,autos
105263,motorcycles
61124,electronics
21488,christian
21421,christian
103807,autos
77211,mideast
59309,windows
77240,politics
105059,space
179066,guns
55080,guns
104747,baseball
76824,space
67511,xwindows
10837,windows
67432,xwindows
10637,crypto
54746,guns
104867,baseball
52030,mac
15953,crypto
21481,graphics
53564,christian
61500,space
54546,crypto
103749,autos
54519,hockey
62425,graphics
77372,mideast
21467,christian
77329,mideast
77337,mideast
76582,christian
39636,graphics
52102,mac
21546,christian
103340,autos
76415,crypto
103681,motorcycles
62416,crypto
76672,forsale
60992,pc
54299,hockey
54164,electronics
53473,religion
38978,graphics
84242,medical
178755,crypto
51967,mac
53427,religion
60873,windows
105219,electronics
54060,hockey
10206,windows
54515,hockey
76857,crypto
61319,crypto
52190,xwindows
21794,graphics
59365,medical
76822,crypto
21807,crypto
52123,crypto
104894,autos
59231,graphics
76863,forsale
76528,crypto
21764,christian
59338,medical
61340,crypto
10154,windows
59308,crypto
52345,pc
179027,crypto
105019,baseball
76856,crypto
84079,christian
60923,electronics
15793,crypto
38965,graphics
10611,windows
84295,christian
38947,medical
105160,guns
67400,hockey
59311,medical
68112,xwindows
10636,crypto
59479,guns
10163,windows
61108,pc
10944,graphics
38968,graphics
60985,pc
54724,hockey
10120,pc
103446,autos
104742,baseball
53501,crypto
67559,windows
53414,politics
15983,crypto
68227,crypto
10043,windows
15828,crypto
16128,crypto
84315,politics
61404,space
39627,electronics
39629,crypto
61057,pc
59567,medical
54627,guns
60973,pc
54131,hockey
105243,motorcycles
10029,graphics
84299,windows
59333,medical
21473,christian
54226,hockey
62614,crypto
84234,christian
15967,crypto
67485,xwindows
103201,autos
59639,crypto
67501,graphics
59505,crypto
103008,space
10021,pc
62616,space
21510,crypto
60850,pc
67991,xwindows
103715,guns
54905,guns
10004,crypto
105164,hockey
76678,mac
105103,motorcycles
59534,electronics
54886,guns
104681,hockey
60790,pc
60919,pc
105148,baseball
15978,crypto
53550,mideast
59597,christian
59446,medical
54050,hockey
59281,medical
61082,crypto
53362,crypto
51974,mac
16358,crypto
104771,baseball
52186,electronics
104814,baseball
68082,xwindows
103445,mideast
16139,crypto
104660,hockey
104875,space
10034,windows
67441,crypto
10696,crypto
178679,guns
60821,pc
59295,medical
68310,crypto
76197,mac
104633,hockey
178748,hockey
104687,baseball
76466,mideast
67474,crypto
77338,mideast
103700,crypto
52443,mac
39677,windows
61024,pc
60975,crypto
76783,medical
62709,space
84352,christian
61080,crypto
59595,mideast
61569,graphics
76320,pc
61075,crypto
10674,pc
61131,xwindows
60877,pc
105167,crypto
38833,crypto
59390,medical
53997,hockey
103771,windows
105112,electronics
76425,forsale
76260,windows
16010,crypto
60947,crypto
21737,christian
16054,crypto
38837,graphics
55490,guns
54286,hockey
178770,guns
104749,crypto
16001,crypto
59441,christian
76651,crypto
178676,guns
10801,crypto
61089,pc
67419,crypto
10683,crypto
39054,crypto
61076,pc
104685,space
38769,crypto
15853,crypto
76325,autos
55256,crypto
38809,crypto
62399,space
59400,medical
53326,christian
103436,motorcycles
54916,guns
103329,electronics
59546,crypto
21489,christian
54834,crypto
52065,crypto
68194,xwindows
54600,guns
39625,graphics
61047,windows
54200,electronics
104850,crypto
54543,guns
55066,guns
52172,electronics
15881,mideast
68317,xwindows
67560,xwindows
53657,crypto
103128,autos
54958,guns
52213,crypto
16056,crypto
103502,autos
178675,crypto
15741,crypto
10904,windows
105149,hockey
59605,medical
54197,electronics
54875,baseball
76121,forsale
59299,crypto
54607,guns
67471,windows
21707,politics
21492,christian
76563,mideast
16146,crypto
10741,crypto
62391,space
61510,crypto
15764,crypto
104959,crypto
60912,crypto
68197,crypto
53783,politics
179089,guns
21508,christian
52291,crypto
103755,autos
84555,guns
16147,crypto
103716,autos
104982,hockey
76430,mideast
15968,crypto
38908,windows
105558,crypto
21558,christian
76385,mideast
84509,crypto
21731,christian
21539,christian
54883,crypto
61490,space
61123,pc
105146,baseball
62396,crypto
10003,windows
104741,crypto
76554,mideast
10167,windows
38859,windows
62453,space
61536,space
54242,electronics
103424,autos
59259,crypto
103673,graphics
59318,medical
84414,guns
54165,pc
52444,mac
60972,electronics
21460,christian
60858,pc
39034,mideast
67978,xwindows
39011,graphics
104927,motorcycles
103191,graphics
15801,crypto
76448,mideast
179102,crypto
38860,graphics
52435,mac
104825,hockey
61014,graphics
59337,guns
10089,crypto
84241,crypto
52290,mac
10847,windows
67482,xwindows
59467,crypto
68277,xwindows
59245,mideast
53947,electronics
105113,guns
76350,forsale
15844,crypto
38921,crypto
83983,politics
103433,electronics
61349,space
104958,baseball
76655,forsale
68314,xwindows
60899,pc
54765,hockey
62130,space
39489,pc
21675,xwindows
38783,crypto
52335,pc
61248,space
178645,crypto
53505,mideast
53807,crypto
68307,xwindows
16069,crypto
103303,autos
76498,forsale
59263,electronics
15878,crypto
61157,xwindows
104857,hockey
15868,crypto
15756,crypto
21782,crypto
77308,mideast
53493,crypto
21756,christian
84395,politics
105217,motorcycles
54473,crypto
77269,mideast
103138,autos
10195,windows
84347,crypto
21555,christian
21708,christian
178994,politics
84258,space
54887,guns
15938,crypto
21647,christian
84169,mideast
62374,christian
15951,crypto
39657,xwindows
21804,christian
103713,autos
62389,electronics
10816,graphics
52046,electronics
54083,hockey
61389,space
84557,politics
15740,crypto
53602,mideast
10009,windows
76639,crypto
38937,crypto
10169,windows
16076,crypto
15791,crypto
59540,space
104675,hockey
54531,hockey
10064,xwindows
21599,christian
39617,graphics
103457,autos
105254,motorcycles
54109,hockey
52249,pc
61334,space
55068,guns
21417,christian
54586,guns
53551,mideast
61253,space
53319,christian
59511,medical
54717,hockey
61307,crypto
76304,forsale
59587,guns
10905,crypto
76650,forsale
178781,guns
60829,pc
77303,mideast
76590,electronics
15959,crypto
15930,crypto
76936,forsale
104994,baseball
59586,pc
53431,christian
10692,crypto
38865,crypto
10833,mideast
103302,crypto
84133,christian
104965,mideast
53457,christian
54213,crypto
54947,crypto
76379,xwindows
52250,mac
38834,guns
77814,xwindows
104873,baseball
105150,baseball
54870,guns
39050,graphics
61565,space
104641,mac
60768,electronics
61354,space
59425,medical
103256,crypto
61257,politics
38874,xwindows
52147,electronics
67453,xwindows
103815,autos
54056,pc
10181,windows
105137,motorcycles
61273,space
61068,pc
105238,motorcycles
59623,medical
76191,forsale
52075,xwindows
21554,christian
52237,mac
105262,crypto
60769,crypto
67562,graphics
10601,windows
59652,mideast
21453,christian
61417,space
105012,motorcycles
53500,crypto
61351,space
39027,xwindows
60968,pc
59297,electronics
54059,hockey
84212,religion
76602,pc
61311,space
84441,religion
59369,crypto
54139,hockey
61004,crypto
178774,mideast
15950,crypto
84435,politics
53396,politics
60840,pc
104952,mideast
51965,crypto
76334,windows
54517,crypto
105095,baseball
103159,space
76184,electronics
67987,graphics
103165,space
52238,electronics
76454,mideast
61263,space
67535,xwindows
67462,xwindows
54338,electronics
67556,mac
61397,space
52084,pc
59542,crypto
103497,space
10011,windows
61265,space
68217,xwindows
76935,pc
77811,mideast
10152,windows
59538,crypto
10136,windows
105226,motorcycles
54351,space
59396,electronics
77296,crypto
61127,pc
55240,guns
84208,christian
53598,christian
39013,graphics
53448,religion
61286,space
51988,forsale
103270,crypto
178817,space
105024,baseball
68070,xwindows
38901,windows
59579,christian
10201,crypto
67533,xwindows
21688,christian
67439,xwindows
60762,electronics
103341,autos
15840,crypto
61499,space
54860,mideast
54312,electronics
104881,hockey
59503,crypto
103438,autos
15989,crypto
61055,crypto
54079,electronics
84248,religion
67434,xwindows
54264,hockey
54756,hockey
21637,crypto
54512,hockey
52152,mac
178718,politics
104892,baseball
60801,pc
10184,windows
54728,guns
67371,xwindows
68075,graphics
61492,space
103361,electronics
179007,guns
54779,hockey
54271,electronics
103351,autos
105400,crypto
15835,crypto
103675,autos
61287,space
103663,crypto
54536,hockey
103232,electronics
67996,crypto
67423,xwindows
68202,xwindows
54576,guns
60996,xwindows
38922,crypto
54847,crypto
76441,mideast
54307,hockey
54227,hockey
76562,politics
67989,xwindows
104655,baseball
76438,mideast
38959,electronics
104779,crypto
77808,mideast
68111,xwindows
15900,crypto
15837,crypto
21446,christian
76652,crypto
16022,crypto
179029,guns
59323,medical
68207,xwindows
68173,crypto
10809,electronics
103737,motorcycles
61300,space
52170,mac
179086,mideast
21590,christian
61137,pc
59274,crypto
53784,politics
61393,space
61509,space
67473,crypto
76351,pc
21471,christian
54217,crypto
76785,forsale
76684,forsale
68222,crypto
10208,windows
67425,xwindows
10063,xwindows
62429,space
10609,pc
76942,graphics
38984,xwindows
76855,electronics
10172,windows
76451,mideast
103774,autos
62417,electronics
104995,guns
54055,electronics
76399,mideast
59375,space
54121,hockey
54309,hockey
10155,xwindows
77286,mideast
53333,mideast
54018,hockey
55041,guns
21461,crypto
61356,space
77188,mideast
21654,christian
104977,hockey
60863,crypto
105076,baseball
10074,crypto
76126,crypto
84301,crypto
54333,electronics
77320,mideast
67517,xwindows
53594,crypto
61070,pc
62454,crypto
59449,crypto
54634,guns
52246,electronics
77806,mideast
60909,pc
21594,christian
52442,windows
55052,guns
10798,windows
103726,autos
105232,politics
53469,politics
77362,mideast
10619,windows
104980,electronics
54688,guns
105058,baseball
55273,crypto
104670,space
76777,crypto
21727,christian
16124,crypto
54189,electronics
59556,medical
15914,crypto
54256,hockey
10127,windows
178910,guns
54637,guns
21572,electronics
10938,windows
59289,crypto
52120,crypto
38814,crypto
55078,guns
54892,forsale
38829,graphics
103529,crypto
67977,crypto
54587,guns
104743,hockey
55101,guns
179055,crypto
38806,graphics
76569,mideast
76598,forsale
59399,graphics
60934,windows
61511,space
21798,crypto
178983,mideast
178916,politics
61550,graphics
84290,guns
67515,crypto
60823,crypto
53900,hockey
105209,space
54601,guns
61148,pc
54345,electronics
15809,crypto
68326,crypto
84141,christian
54077,hockey
52262,electronics
103738,electronics
104639,hockey
60902,space
104993,hockey
21729,christian
52234,electronics
105154,crypto
61116,pc
62426,space
60940,electronics
103745,autos
61025,crypto
76601,graphics
54082,hockey
52082,mideast
54043,hockey
76593,graphics
55241,guns
76945,graphics
39014,crypto
104944,medical
52160,forsale
104669,baseball
38951,graphics
55468,guns
103372,guns
51993,mac
61391,electronics
21661,motorcycles
103057,medical
21608,christian
16044,crypto
10028,windows
59458,crypto
105108,baseball
60787,crypto
61117,crypto
77230,mideast
38851,graphics
59470,medical
105081,hockey
76663,electronics
54598,guns
61441,space
21799,christian
54086,hockey
84259,religion
103214,graphics
103679,crypto
77822,mideast
68170,xwindows
59528,crypto
59394,medical
51969,electronics
105000,guns
76831,forsale
103536,autos
52403,crypto
103686,autos
10633,crypto
84345,space
54126,hockey
53339,christian
76324,pc
15811,crypto
60776,space
54180,electronics
76801,crypto
10803,windows
76312,pc
52344,forsale
55075,guns
54618,guns
54722,hockey
61259,space
16030,crypto
21428,christian
178930,politics
84059,crypto
39039,graphics
21639,christian
76428,forsale
39084,graphics
54539,guns
105147,motorcycles
103504,crypto
54884,guns
103508,motorcycles
10027,windows
76215,pc
55113,crypto
104910,motorcycles
103516,autos
105559,crypto
178617,politics
105100,motorcycles
10827,crypto
52217,pc
16032,crypto
84024,guns
104762,hockey
61119,pc
10685,crypto
105041,baseball
59588,mideast
10116,windows
10863,windows
84020,christian
105141,motorcycles
59246,medical
15906,crypto
178724,crypto
61329,space
68119,mac
77312,mideast
178710,politics
103721,electronics
104750,crypto
61074,crypto
76431,mideast
68006,xwindows
84316,politics
53601,crypto
15956,crypto
67478,xwindows
21424,christian
178731,politics
10615,mideast
179073,crypto
103350,electronics
55268,guns
61435,space
10053,windows
76422,crypto
54482,space
104913,motorcycles
59491,crypto
77238,mideast
84273,religion
21721,medical
10090,windows
52333,crypto
178646,crypto
54528,guns
52232,electronics
67995,xwindows
61457,space
54175,hockey
84065,space
84243,crypto
53411,space
61342,space
16078,crypto
10734,windows
54628,guns
10110,pc
21720,christian
105258,space
39004,pc
77373,mideast
84069,crypto
61243,space
38772,graphics
67532,xwindows
54685,guns
67510,xwindows
53588,christian
179013,christian
21776,christian
59413,crypto
59278,space
15739,crypto
21702,crypto
84254,atheism
76245,crypto
53426,religion
103714,electronics
53499,crypto
39066,crypto
21606,christian
76202,autos
39651,graphics
52038,guns
59339,medical
53990,hockey
15846,guns
15885,crypto
54890,guns
67998,crypto
59459,medical
104738,hockey
105163,hockey
10024,pc
103319,autos
59388,crypto
54708,hockey
76847,electronics
104756,crypto
61539,space
54871,guns
61288,space
62393,crypto
61333,crypto
10723,windows
54128,hockey
10729,graphics
68241,crypto
77264,mideast
55125,crypto
62413,space
59624,electronics
61445,space
15933,crypto
39618,windows
10797,graphics
77247,mideast
21581,christian
84349,guns
61035,mac
105121,crypto
60924,electronics
83907,christian
54023,hockey
68017,xwindows
59472,crypto
15961,crypto
53327,crypto
39490,crypto
38842,space
62395,crypto
54533,hockey
59571,guns
38883,graphics
179099,guns
77281,mideast
67395,xwindows
61452,space
103668,autos
39021,graphics
178911,politics
103491,guns
21477,christian
10864,pc
104975,baseball
52096,crypto
104963,baseball
54580,guns
54031,hockey
10200,windows
21579,religion
52144,crypto
52244,pc
54003,hockey
103157,electronics
39652,graphics
16356,crypto
103513,crypto
84278,mideast
103073,crypto
53879,hockey
104915,guns
61098,electronics
38960,graphics
105120,baseball
38989,crypto
55086,guns
62410,crypto
67486,xwindows
61036,electronics
10795,pc
54839,guns
104961,baseball
105044,mideast
54147,crypto
76597,forsale
10799,crypto
21665,mideast
104776,baseball
59247,medical
54758,hockey
10178,windows
84277,guns
103404,crypto
54780,hockey
10867,hockey
59594,medical
60904,pc
54767,graphics
68323,crypto
55265,guns
104757,hockey
59532,crypto
68247,xwindows
83911,crypto
52240,mac
103500,crypto
54900,guns
76355,crypto
39006,graphics
53549,crypto
54073,hockey
62318,space
52035,politics
67508,graphics
84275,politics
55073,politics
10194,windows
59391,medical
38830,crypto
21500,crypto
77262,mideast
15863,crypto
54068,hockey
16068,crypto
39498,xwindows
67543,crypto
54097,hockey
54321,space
76208,forsale
103177,guns
54500,electronics
62319,space
61049,crypto
38987,graphics
52317,pc
54064,hockey
61090,xwindows
104914,motorcycles
54161,hockey
178897,politics
59493,electronics
55471,guns
52054,mac
54218,electronics
53642,mideast
84346,crypto
77305,mideast
68182,space
103321,medical
60980,pc
15787,crypto
76538,mideast
15879,crypto
52205,mac
77352,mideast
67408,windows
103161,crypto
67479,crypto
59414,guns
77317,mideast
54233,hockey
16279,crypto
84267,atheism
38900,graphics
60931,windows
178671,politics
54955,crypto
77376,mideast
54516,hockey
61111,windows
62129,graphics
77812,mideast
38936,windows
21585,christian
10644,graphics
59415,crypto
10661,crypto
21758,christian
61151,pc
10613,crypto
104956,baseball
61316,space
52146,christian
54149,mac
54171,hockey
59563,xwindows
54257,hockey
76382,mideast
59305,electronics
52219,mac
53993,hockey
84428,religion
61359,crypto
62414,space
21732,christian
54579,hockey
84449,space
16002,crypto
21735,christian
179011,medical
103719,windows
54589,guns
103080,autos
60892,crypto
15776,crypto
54058,electronics
104984,electronics
103801,autos
76552,mideast
52318,electronics
38992,graphics
54223,space
10634,windows
52183,electronics
10843,windows
104624,baseball
59328,medical
179044,mideast
178809,crypto
54265,crypto
76323,graphics
54179,electronics
55055,guns
51964,crypto
61112,pc
54322,electronics
61503,graphics
51952,crypto
68306,xwindows
52264,mideast
21411,politics
103066,autos
77198,mideast
15729,crypto
21646,christian
61083,pc
84097,crypto
67422,windows
55067,guns
76459,mideast
38939,graphics
61152,windows
178870,guns
68338,xwindows
61488,space
61376,space
21525,christian
104698,motorcycles
59456,crypto
178706,politics
68005,xwindows
105380,motorcycles
10112,windows
52047,graphics
54709,crypto
76882,forsale
77290,mideast
54146,crypto
104697,crypto
61020,xwindows
53446,religion
76840,forsale
178775,guns
104964,hockey
103661,autos
53992,hockey
53458,crypto
55077,guns
77315,mideast
38876,graphics
54549,hockey
76447,mideast
105025,hockey
54726,guns
54552,crypto
61142,pc
178668,medical
103266,autos
55117,guns
59599,mideast
59362,graphics
67554,graphics
54510,hockey
53276,atheism
55103,autos
54494,electronics
10068,crypto
54882,guns
10101,pc
59590,motorcycles
84058,guns
54825,crypto
39649,electronics
52022,crypto
21767,christian
54150,electronics
51949,windows
51890,pc
53257,christian
67435,xwindows
54689,guns
21564,christian
104770,baseball
76367,mideast
54011,hockey
53954,hockey
61520,crypto
103506,autos
55069,guns
38824,graphics
52437,windows
67573,graphics
60908,pc
38878,crypto
52441,windows
16049,windows
103131,medical
179114,politics
68318,crypto
54895,guns
61100,pc
77217,guns
21624,christian
52091,crypto
16151,crypto
105205,electronics
104759,autos
178658,guns
76502,forsale
61120,electronics
54132,hockey
84447,mideast
59418,crypto
60971,pc
77205,mideast
62126,space
84506,mideast
178757,guns
103702,electronics
68210,xwindows
76587,forsale
38988,graphics
61547,space
39043,crypto
38893,graphics
178791,guns
21808,christian
54134,crypto
10203,graphics
53649,crypto
15965,crypto
38808,graphics
103736,autos
21442,christian
54915,crypto
179049,politics
53981,electronics
21580,christian
10087,crypto
67984,crypto
52328,mac
59516,medical
59584,crypto
21632,christian
52242,mac
55079,guns
52049,crypto
104711,guns
76476,mideast
61568,graphics
21458,christian
67974,xwindows
54177,hockey
105074,baseball
54075,crypto
59304,medical
61409,space
103729,autos
77284,mideast
68057,crypto
59386,crypto
21680,christian
10113,windows
77341,xwindows
179041,crypto
21790,christian
103519,autos
54877,guns
59536,medical
104680,baseball
54956,crypto
55274,graphics
54001,hockey
21769,christian
21743,christian
15795,crypto
77275,mideast
76469,mideast
61077,mideast
59269,electronics
60775,pc
67449,xwindows
84562,christian
104708,baseball
103723,guns
39615,graphics
52284,crypto
54250,hockey
103732,autos
38971,graphics
105070,baseball
104936,space
67513,xwindows
38801,electronics
103178,autos
104974,baseball
76858,forsale
76471,mideast
103423,autos
10825,crypto
39648,graphics
61363,space
54288,hockey
52113,mac
178656,politics
103511,crypto
15843,crypto
15886,crypto
21536,crypto
55249,guns
67458,crypto
105021,hockey
68305,xwindows
54201,hockey
104752,crypto
54205,hockey
103735,autos
76879,autos
54604,guns
76797,pc
67418,xwindows
54190,crypto
53671,politics
54644,guns
39033,crypto
59625,guns
84334,christian
104887,hockey
54296,hockey
54185,electronics
179009,space
54548,hockey
21611,christian
104703,baseball
52339,crypto
52248,mac
76259,forsale
68083,xwindows
52133,electronics
68230,xwindows
52227,electronics
53399,atheism
103427,forsale
105035,baseball
76262,pc
54125,hockey
53629,christian
104709,baseball
59464,crypto
59324,motorcycles
59478,crypto
21679,christian
52225,crypto
10808,windows
51976,mac
54269,electronics
104891,baseball
10005,crypto
52203,crypto
61125,electronics
84138,christian
15851,crypto
60913,pc
38912,graphics
16055,crypto
77266,mideast
68196,windows
53924,hockey
104647,mac
104755,autos
38895,graphics
10199,crypto
76414,guns
53474,religion
54486,crypto
21683,crypto
103173,autos
178898,medical
178702,politics
10664,crypto
77229,mideast
54948,guns
54332,crypto
10820,windows
77358,mideast
61432,space
54603,guns
62411,space
52204,crypto
52033,electronics
59545,crypto
54048,hockey
76940,forsale
16037,crypto
68135,crypto
178913,crypto
76819,pc
54306,space
84452,mideast
10153,xwindows
77344,mideast
84060,space
103219,motorcycles
60961,crypto
178872,crypto
52325,mac
61535,space
10784,electronics
67497,xwindows
76307,forsale
10728,crypto
105247,motorcycles
21575,christian
76475,mideast
38899,graphics
16048,crypto
61420,space
59484,guns
10771,crypto
16053,crypto
55071,guns
53644,atheism
54098,hockey
52122,crypto
38923,crypto
15917,crypto
76825,forsale
21803,christian
68244,xwindows
53462,crypto
10196,crypto
38914,crypto
10144,windows
77817,mideast
67437,xwindows
60784,windows
61128,pc
54040,hockey
84018,guns
54820,crypto
76864,crypto
52074,crypto
53455,guns
51945,graphics
54492,motorcycles
103070,electronics
59262,medical
76279,graphics
15737,crypto
68221,xwindows
60815,pc
103313,space
178887,politics
21602,christian
104824,hockey
178610,politics
38875,xwindows
84302,guns
103664,medical
10183,windows
104935,baseball
38972,electronics
21800,christian
178649,crypto
21766,christian
61518,graphics
10032,windows
104637,baseball
104874,crypto
60833,pc
68258,xwindows
21739,christian
38964,graphics
76567,mideast
38845,windows
21501,christian
83876,graphics
52283,crypto
15786,crypto
38857,graphics
53901,hockey
54115,hockey
10091,windows
61330,space
54843,guns
68304,crypto
67561,xwindows
54885,guns
10141,crypto
61095,xwindows
53991,hockey
68011,windows
52070,crypto
105257,motorcycles
68211,xwindows
54743,guns
67420,electronics
39058,electronics
51938,crypto
61443,space
84022,religion
16352,crypto
54776,hockey
53272,christian
60812,baseball
77293,mideast
54133,hockey
68319,xwindows
61071,electronics
52252,pc
60868,crypto
59326,hockey
178776,politics
61446,space
61401,space
38981,crypto
54106,hockey
55056,guns
179047,crypto
61110,crypto
52018,mac
38827,graphics
104865,hockey
103076,electronics
60838,electronics
21768,christian
104826,baseball
10197,windows
54013,hockey
62397,crypto
10643,pc
178640,crypto
77390,mideast
15905,crypto
67426,crypto
38798,crypto
179084,guns
104673,baseball
67429,xwindows
104869,hockey
38848,space
59553,medical
54514,electronics
104631,baseball
59387,crypto
104694,pc
104842,baseball
52218,mac
21548,christian
52085,graphics
21659,christian
60994,pc
53669,christian
77815,mideast
179043,mideast
61133,windows
179000,politics
84286,christian
61043,crypto
59570,medical
84214,religion
59380,medical
179025,crypto
61345,space
38873,graphics
53344,christian
61042,crypto
103192,graphics
104852,hockey
61254,space
61519,crypto
77288,mideast
54558,guns
54311,crypto
105466,electronics
178614,guns
104970,hockey
103809,autos
84062,crypto
52324,windows
62407,crypto
38862,graphics
53421,christian
77204,mideast
38999,crypto
77285,mideast
178609,politics
61437,space
77378,mideast
15779,crypto
179112,politics
15903,crypto
51992,pc
76547,mideast
61534,space
84401,baseball
10612,crypto
21686,guns
61343,space
54087,hockey
76452,mideast
10084,windows
38963,graphics
59578,medical
21566,christian
67990,crypto
10909,crypto
61326,space
55277,guns
16355,crypto
38903,crypto
53984,hockey
59352,crypto
103183,autos
53394,mideast
61021,pc
59508,mideast
10145,crypto
68139,graphics
54503,electronics
84293,crypto
54069,hockey
10605,graphics
77335,mideast
178615,crypto
104886,xwindows
59529,crypto
61154,crypto
61538,crypto
54490,electronics
104730,crypto
76370,electronics
21678,crypto
104648,crypto
38794,graphics
60926,pc
54705,hockey
178603,politics
55105,guns
21415,christian
54002,hockey
52299,mac
15927,crypto
178650,guns
54610,guns
103449,autos
39081,graphics
77369,mideast
53265,christian
54327,electronics
105260,motorcycles
76638,autos
59480,medical
59450,crypto
39067,graphics
54488,christian
10067,windows
76374,crypto
60914,pc
15772,crypto
61107,pc
54290,hockey
15796,crypto
52402,forsale
68069,xwindows
54194,electronics
10817,crypto
39022,crypto
61122,space
103510,autos
61482,space
52338,motorcycles
21535,crypto
76927,forsale
76849,electronics
16122,crypto
15819,crypto
53415,politics
10872,crypto
60792,electronics
61315,space
104627,hockey
52297,electronics
10839,windows
21448,mideast
52101,mac
21653,christian
77227,mideast
178789,guns
21765,christian
61546,space
60811,windows
52128,mac
15982,crypto
76261,forsale
52175,crypto
105047,baseball
54856,guns
59350,medical
104971,crypto
61487,space
54761,hockey
53261,christian
84341,atheism
76115,pc
103403,guns
21550,christian
103518,electronics
68212,crypto
105104,motorcycles
68273,space
67521,crypto
54199,crypto
16150,crypto
15948,crypto
54899,guns
103742,space
15901,crypto
104830,crypto
84354,medical
21780,christian
104784,autos
68016,windows
10831,windows
52235,electronics
59344,crypto
104983,baseball
39055,graphics
53937,hockey
39667,crypto
53955,crypto
21644,christian
16013,crypto
21587,christian
67555,xwindows
39669,windows
61423,space
10094,windows
15743,crypto
105401,graphics
21504,christian
38935,electronics
59272,politics
61081,pc
55248,guns
21457,mideast
52100,mac
59475,crypto
15831,crypto
76362,graphics
54562,hockey
68248,crypto
53880,hockey
54605,guns
52323,crypto
21711,christian
103498,autos
61462,space
76257,space
178604,politics
61524,graphics
59306,motorcycles
77309,mideast
60741,electronics
61551,space
54759,hockey
52438,pc
68186,graphics
76835,space
61410,space
39638,graphics
61306,space
55074,crypto
52257,graphics
76608,xwindows
76249,crypto
104702,baseball
76195,space
10157,crypto
61005,pc
60870,crypto
103743,electronics
178989,mideast
103374,electronics
53406,atheism
178670,crypto
21771,christian
104942,hockey
68308,graphics
62392,crypto
61562,crypto
76424,forsale
61261,space
68183,crypto
60946,crypto
103517,guns
60928,windows
83931,religion
52198,crypto
53589,crypto
76818,crypto
10673,crypto
39029,crypto
77235,mideast
103146,space
10096,crypto
76426,forsale
61493,space
178782,mideast
15976,crypto
103671,autos
105077,baseball
76463,mideast
38817,graphics
84338,crypto
68253,xwindows
76937,electronics
178735,politics
55272,guns
54719,hockey
54122,crypto
52182,electronics
10908,windows
54158,motorcycles
55235,crypto
39046,graphics
178599,space
10868,space
103268,autos
21604,christian
104940,baseball
54953,guns
52037,crypto
54710,guns
67512,graphics
67982,graphics
77342,mideast
51991,crypto
10639,windows
103228,autos
54481,space
76607,space
68250,crypto
10069,windows
104976,baseball
105231,motorcycles
55060,guns
55467,guns
10842,windows
60884,pc
104823,baseball
76803,forsale
10170,graphics
76826,forsale
59502,crypto
61013,crypto
54502,space
76411,crypto
38917,graphics
16345,crypto
54096,hockey
103725,electronics
53405,christian
77363,mideast
178696,politics
59507,graphics
178799,politics
76943,space
60991,mac
54232,hockey
21454,christian
84448,politics
61384,space
15736,crypto
103163,electronics
53324,crypto
103137,autos
61368,mideast
52066,pc
103126,crypto
10814,crypto
53563,crypto
52162,mac
103662,autos
10832,windows
60978,windows
84305,crypto
77340,mideast
54523,hockey
38822,graphics
61438,space
77346,mideast
59411,hockey
178988,crypto
15830,crypto
67448,xwindows
104895,forsale
21545,christian
53331,christian
54143,electronics
178894,politics
54625,crypto
179068,crypto
10050,pc
10139,windows
61109,electronics
84078,space
38881,graphics
10735,windows
53941,hockey
179028,crypto
104840,baseball
77289,mideast
38871,crypto
59319,crypto
21591,crypto
15973,crypto
83913,crypto
104848,crypto
103072,motorcycles
68245,windows
60854,pc
53486,atheism
60907,graphics
15826,crypto
77184,mideast
21797,crypto
76352,space
39037,crypto
61327,crypto
77261,mideast
54123,crypto
104954,baseball
54319,graphics
38967,graphics
61489,space
103696,electronics
103804,crypto
54849,guns
51982,electronics
54720,hockey
76550,mideast
67527,xwindows
76578,autos
54753,guns
67526,crypto
16136,crypto
54157,electronics
61474,space
76664,electronics
52309,pc
52043,crypto
10149,crypto
60804,pc
10022,windows
60905,crypto
178901,politics
52176,crypto
103318,motorcycles
60906,pc
51981,mac
54359,hockey
21506,politics
68315,crypto
39495,crypto
10606,crypto
53605,politics
59645,medical
21775,electronics
10132,crypto
52001,mac
104786,motorcycles
10012,crypto
21437,crypto
54317,pc
104758,crypto
55053,guns
68185,crypto
52124,pc
103167,autos
76258,guns
68251,xwindows
67529,crypto
76375,mideast
84128,christian
54696,guns
61491,crypto
38979,graphics
84217,crypto
21609,christian
62419,space
60834,electronics
54187,crypto
61135,pc
16029,graphics
77226,mideast
15832,crypto
53322,politics
103160,crypto
103132,motorcycles
84145,religion
178859,politics
77330,mideast
39007,graphics
38880,graphics
54142,electronics
54093,hockey
21638,guns
103239,motorcycles
16086,crypto
54880,guns
21671,christian
10866,space
55484,guns
178905,crypto
178786,politics
77332,mideast
53806,electronics
16045,crypto
16017,crypto
84563,christian
103690,autos
54852,mideast
16071,crypto
16087,crypto
54135,hockey
51954,pc
52145,graphics
103074,crypto
10614,windows
51997,pc
52154,crypto
54076,electronics
103431,mideast
55036,guns
178717,guns
21774,christian
53985,hockey
52161,xwindows
21456,guns
55110,guns
54738,hockey
39041,crypto
103152,autos
84211,religion
68232,crypto
68204,electronics
59580,crypto
61032,windows
83977,politics
77249,mideast
54701,guns
15984,crypto
77190,mideast
103071,motorcycles
76645,medical
67993,graphics
104737,baseball
53321,atheism
67566,xwindows
21760,christian
104885,hockey
55482,guns
61548,graphics
51947,mac
54872,guns
77244,mideast
54766,hockey
54583,guns
54091,hockey
21531,crypto
61332,space
61513,space
84314,christian
53293,crypto
54339,guns
55259,guns
53350,crypto
54186,crypto
103523,autos
15874,crypto
38934,graphics
77353,mideast
21464,crypto
103439,motorcycles
77237,mideast
21630,christian
60897,electronics
54202,hockey
21666,christian
68199,graphics
178682,guns
60959,electronics
59523,medical
103677,autos
21435,christian
76666,pc
76782,pc
179083,politics
76427,forsale
53570,crypto
61427,space
10151,crypto
10940,windows
15896,crypto
21582,christian
76406,mideast
10851,crypto
67498,electronics
38993,graphics
54119,hockey
54162,hockey
53935,xwindows
59592,medical
52231,pc
60799,crypto
52008,mac
39028,pc
55231,guns
15763,crypto
178992,politics
39500,graphics
38891,windows
178721,space
104715,hockey
61303,space
10128,crypto
10793,crypto
54287,hockey
54249,hockey
67467,crypto
178752,medical
67961,xwindows
61096,crypto
60962,windows
77212,mideast
76878,crypto
60963,windows
15818,crypto
105064,guns
103450,autos
59575,politics
54822,guns
77311,mideast
52039,crypto
54071,electronics
76556,forsale
59574,crypto
21699,crypto
53798,crypto
105123,baseball
104871,baseball
10093,windows
105126,motorcycles
52326,mideast
76854,electronics
77274,mideast
62375,space
54741,hockey
77345,graphics
59549,crypto
178722,mideast
59402,crypto
15836,crypto
76500,crypto
10160,windows
103142,autos
104859,hockey
54301,hockey
51980,mac
76865,pc
61380,space
15920,crypto
54026,hockey
178474,crypto
67496,xwindows
84450,crypto
61003,pc
59395,medical
67417,xwindows
77357,mideast
53638,mideast
76670,pc
52117,electronics
68333,space
21677,christian
68200,crypto
10616,windows
103693,motorcycles
68020,windows
54092,hockey
53999,hockey
15821,crypto
21633,christian
67403,xwindows
53463,atheism
53810,religion
178663,crypto
60999,pc
68324,xwindows
52310,mac
76812,graphics
76397,mideast
15804,crypto
21715,christian
21741,christian
10165,crypto
61390,space
104939,hockey
61348,space
68203,xwindows
54061,hockey
103083,autos
10117,pc
178653,politics
52436,electronics
83937,guns
54727,guns
67488,xwindows
54744,hockey
38970,xwindows
53492,mideast
61338,space
178998,politics
52020,crypto
105151,hockey
77193,crypto
67540,windows
59249,crypto
77248,mideast
21583,christian
105220,motorcycles
54530,hockey
59331,medical
54024,hockey
76586,hockey
21716,mideast
61298,crypto
105134,motorcycles
104829,baseball
15789,crypto
104692,motorcycles
54272,crypto
61346,space
104642,crypto
84280,crypto
54889,guns
84064,christian
38785,crypto
15981,crypto
61419,space
61092,electronics
38940,graphics
10792,crypto
59632,medical
54564,hockey
178883,crypto
61010,electronics
15991,crypto
77260,mideast
60966,pc
103526,crypto
38838,graphics
103773,autos
21701,christian
21740,christian
60942,electronics
178929,politics
178917,guns
103810,autos
77360,mideast
21626,christian
15762,crypto
103707,crypto
178772,politics
39068,pc
55065,guns
38847,graphics
104890,crypto
52032,electronics
76549,mideast
84224,crypto
68048,crypto
21649,christian
52134,mac
39675,windows
10812,windows
76274,electronics
61171,pc
61084,crypto
38894,graphics
10942,xwindows
21693,christian
39634,graphics
84135,christian
54735,guns
54707,hockey
54907,guns
52132,pc
178621,politics
52068,crypto
54129,hockey
15889,crypto
54235,crypto
104884,crypto
16089,crypto
178926,guns
38843,graphics
77307,mideast
55124,guns
39009,graphics
84282,xwindows
61309,space
178723,politics
51977,mac
54464,guns
76269,pc
15769,crypto
59283,medical
53502,christian
54827,guns
52273,crypto
59637,guns
68192,xwindows
15798,crypto
15757,crypto
53358,christian
61414,space
77818,mideast
61284,electronics
54005,hockey
10768,windows
52184,electronics
76188,electronics
52119,pc
103278,electronics
52274,guns
76241,forsale
15817,crypto
76450,mideast
53622,crypto
59421,atheism
54596,crypto
84269,religion
54193,crypto
68015,windows
53464,space
61060,electronics
59302,crypto
38956,crypto
61454,space
178643,politics
76368,mideast
10060,mac
179111,politics
54518,crypto
67882,xwindows
61444,crypto
68131,pc
103440,politics
59622,crypto
104968,baseball
10137,windows
83972,christian
178796,crypto
15924,crypto
54866,guns
76238,space
76408,mideast
21420,christian
38885,graphics
54127,hockey
76683,medical
76755,guns
104679,hockey
52192,pc
54229,hockey
76744,mideast
68009,xwindows
178900,politics
54718,hockey
103007,crypto
54191,crypto
52055,mac
103148,autos
53898,hockey
21574,politics
52253,crypto
76548,mideast
103512,autos
10649,crypto
10836,windows
54236,electronics
59448,medical
77807,mideast
53335,windows
84538,space
61366,crypto
54621,guns
77225,mideast
16051,crypto
77252,mideast
76827,forsale
16082,crypto
84193,religion
76754,electronics
68175,xwindows
76852,motorcycles
54144,electronics
54225,hockey
83979,christian
52011,electronics
10122,windows
59376,space
10039,windows
10106,pc
77294,mideast
76565,mideast
53599,mideast
54220,electronics
104682,crypto
84570,atheism
54836,electronics
77393,mideast
61431,space
54118,pc
103332,autos
104802,motorcycles
59271,medical
61138,mac
53555,crypto
10811,crypto
10173,windows
61439,space
105096,hockey
77272,mideast
77265,mideast
105990,crypto
76267,pc
10010,windows
68327,graphics
105255,autos
21542,christian
21445,christian
15926,crypto
39080,graphics
76779,forsale
179051,politics
178703,politics
105228,motorcycles
103895,autos
21495,christian
104866,baseball
38980,graphics
39038,crypto
76691,crypto
51998,hockey
61022,pc
103259,autos
61033,pc
76816,graphics
15752,crypto
76493,pc
178701,politics
10150,windows
76804,xwindows
59347,medical
54224,hockey
67433,crypto
54015,hockey
15850,crypto
54670,guns
105259,crypto
77350,mideast
10125,windows
103416,graphics
21657,christian
103412,autos
104820,electronics
54861,crypto
77267,mideast
105230,forsale
61421,space
55114,guns
103444,autos
38910,graphics
104989,baseball
59427,medical
60880,graphics
55099,medical
52340,pc
104785,crypto
54219,crypto
77366,mideast
10786,pc
21586,crypto
21494,christian
61498,space
21576,christian
39639,electronics
178928,crypto
53614,guns
54715,guns
61155,crypto
52211,graphics
178933,guns
21478,guns
39047,graphics
59602,medical
10006,windows
67976,xwindows
103520,autos
103703,crypto
10620,windows
54678,guns
54022,hockey
21660,christian
76247,crypto
76657,pc
10148,windows
84092,religion
15997,crypto
10035,pc
54752,guns
105246,electronics
60945,xwindows
53936,hockey
61276,space
10177,windows
84253,guns
103243,autos
54025,hockey
53581,mideast
52347,crypto
38775,xwindows
53320,crypto
104870,guns
67519,graphics
103130,motorcycles
53402,crypto
77268,mideast
61086,pc
39059,crypto
178909,politics
51985,graphics
54526,hockey
60981,pc
10675,windows
21603,christian
105018,christian
10850,crypto
59439,crypto
61481,space
60903,mideast
60932,windows
10054,crypto
53627,space
21796,crypto
10171,windows
77803,mideast
59267,crypto
84303,mideast
77359,mideast
38856,crypto
60860,pc
39644,crypto
77374,mideast
21662,christian
76848,mac
76473,crypto
105159,crypto
60986,mac
105056,baseball
61149,pc
55261,crypto
52271,pc
60807,pc
21652,christian
52200,mac
54266,electronics
76120,forsale
68001,xwindows
53325,crypto
61088,windows
55104,guns
52098,electronics
54864,crypto
179108,crypto
61355,space
54140,electronics
15872,crypto
179076,politics
54163,hockey
54029,hockey
105067,baseball
67582,xwindows
55111,guns
15943,crypto
16040,crypto
60885,pc
61053,crypto
104636,hockey
59437,crypto
21645,christian
77326,mideast
54704,guns
61465,space
16135,crypto
76542,mideast
16019,crypto
15731,crypto
21541,crypto
178729,guns
103710,autos
60847,crypto
68177,crypto
103153,autos
54837,crypto
104775,electronics
105117,baseball
53808,religion
15855,crypto
16348,crypto
54084,hockey
54295,hockey
76465,mideast
55251,guns
178991,politics
39060,crypto
54154,electronics
103081,windows
103777,autos
103149,crypto
53604,crypto
15860,crypto
54619,guns
77253,mideast
84284,religion
10140,guns
179054,crypto
55098,guns
178730,guns
77245,mideast
61447,space
104629,hockey
21476,medical
67528,crypto
105224,motorcycles
10646,windows
178611,guns
54251,hockey
76756,forsale
10823,windows
16359,crypto
10781,graphics
62127,guns
16115,crypto
59329,mideast
59325,crypto
179038,politics
77215,mideast
54276,graphics
59537,hockey
103422,motorcycles
54611,crypto
67548,crypto
103220,motorcycles
103741,crypto
38864,xwindows
38841,crypto
59561,motorcycles
105061,politics
105989,hockey
38966,electronics
105204,motorcycles
61007,pc
52308,graphics
53803,crypto
104986,crypto
53983,electronics
105105,motorcycles
179075,guns
10118,crypto
39619,space
103209,autos
103068,autos
103704,autos
105116,hockey
59582,crypto
103079,space
59300,autos
16140,crypto
54721,hockey
104764,baseball
54066,hockey
62420,crypto
104728,crypto
59379,medical
77276,mideast
39635,graphics
54489,electronics
54910,guns
76272,forsale
178869,politics
53410,crypto
21770,politics
52439,pc
38787,crypto
103419,autos
21468,christian
53988,crypto
84210,christian
10807,guns
104683,motorcycles
84100,motorcycles
61113,pc
76234,forsale
53294,politics
21509,politics
54554,guns
68325,crypto
105203,motorcycles
38998,xwindows
39660,electronics
55085,crypto
104888,baseball
54222,crypto
55061,guns
77396,mideast
103314,crypto
68303,xwindows
21641,christian
53447,religion
61461,space
15929,crypto
105237,motorcycles
53637,politics
104838,electronics
54682,guns
103441,crypto
67516,xwindows
21757,christian
104819,baseball
38915,graphics
178768,guns
53068,christian
21520,christian
61515,crypto
21631,christian
54775,hockey
105251,motorcycles
84216,space
55040,guns
104799,motorcycles
62477,crypto
77234,mideast
52166,crypto
84129,religion
68116,xwindows
178860,politics
104705,baseball
53794,crypto
59320,crypto
16016,crypto
61093,pc
52239,pc
83976,christian
62455,space
15918,crypto
21595,christian
10731,xwindows
59406,mac
54691,guns
39496,windows
54891,guns
61361,space
104783,crypto
61549,guns
21551,christian
53792,crypto
76159,crypto
15952,crypto
10828,windows
61475,guns
59314,electronics
76297,mac
76254,pc
61058,pc
105115,baseball
54848,guns
77242,mideast
59627,medical
67520,xwindows
21431,christian
61455,electronics
21568,christian
21687,christian
53544,christian
52261,mac
103474,autos
10133,windows
60879,crypto
76606,crypto
38902,graphics
54310,electronics
52139,electronics
55472,politics
21447,christian
10033,crypto
61041,crypto
105127,politics
59616,medical
104634,baseball
77343,mideast
54047,hockey
10111,windows
53429,christian
21470,christian
38950,space
76345,forsale
52445,pc
10072,windows
21449,christian
54739,crypto
84332,guns
59510,guns
54575,guns
76584,forsale
53424,christian
84279,crypto
59279,crypto
105249,motorcycles
54873,guns
10047,graphics
61272,crypto
10086,windows
103744,autos
54748,guns
104645,baseball
54274,hockey
52292,pc
76808,crypto
55107,crypto
61310,space
105071,baseball
21750,graphics
178767,crypto
103134,autos
178713,crypto
61066,pc
104937,baseball
54524,hockey
84262,guns
178990,guns
54563,hockey
38782,graphics
55097,guns
77327,mideast
68056,xwindows
105016,hockey
59315,medical
54120,hockey
54148,electronics
103430,xwindows
10603,crypto
62476,space
178920,crypto
59424,medical
105261,electronics
10109,graphics
105119,baseball
105051,hockey
53634,christian
103408,crypto
76302,crypto
84344,christian
59465,medical
104831,hockey
10205,windows
76805,mac
55054,guns
54484,electronics
15755,crypto
21695,crypto
52302,electronics
53946,hockey
84204,guns
77377,mideast
77821,mideast
54280,electronics
21515,politics
77292,mideast
38941,graphics
54039,crypto
61087,crypto
59527,crypto
76251,windows
67463,xwindows
53403,christian
38962,graphics
60851,pc
103434,forsale
61418,crypto
105162,mideast
61038,pc
38781,crypto
61512,space
55122,guns
55094,guns
53631,christian
104816,baseball
54253,crypto
52266,crypto
67385,xwindows
39074,graphics
84236,christian
61289,space
21744,christian
38767,graphics
67430,xwindows
53342,mideast
54555,guns
39071,crypto
53781,mideast
59252,medical
67514,xwindows
103776,motorcycles
67394,mideast
76327,forsale
61030,windows
61101,pc
105248,electronics
10641,crypto
15814,crypto
60960,pc
52269,pc
16052,crypto
60772,electronics
61358,graphics
103811,autos
104934,baseball
105030,hockey
178866,politics
105099,baseball
10204,windows
52108,space
16004,crypto
54080,electronics
178904,politics
53958,hockey
61408,crypto
61378,space
103727,autos
10854,windows
84228,religion
54101,hockey
68301,xwindows
10162,graphics
53650,atheism
104761,hockey
178907,guns
105065,crypto
179035,guns
52341,electronics
39020,graphics
10095,windows
105210,motorcycles
77182,mideast
10846,windows
59512,crypto
59454,autos
59481,crypto
76540,mideast
77355,mideast
105223,motorcycles
67387,xwindows
105053,hockey
105032,baseball
60941,pc
39499,windows
61245,space
61396,space
68316,crypto
53942,hockey
16347,crypto
59633,medical
54007,hockey
21622,christian
38973,graphics
15813,crypto
178912,crypto
76588,forsale
38789,graphics
21712,christian
76421,mideast
53404,christian
61153,pc
178641,guns
105093,crypto
54049,hockey
38879,graphics
60878,pc
61367,electronics
10684,windows
61456,crypto
52044,hockey
68226,xwindows
54012,hockey
103429,crypto
103699,autos
84096,crypto
53641,crypto
59403,hockey
67436,xwindows
61256,space
104807,motorcycles
61388,space
53782,crypto
104768,hockey
59253,crypto
61085,pc
77273,mideast
21620,christian
21588,medical
76308,forsale
10806,xwindows
16042,crypto
21738,atheism
54103,hockey
21592,christian
21483,mideast
60958,pc
61160,xwindows
10036,crypto
59416,medical
178914,politics
53398,crypto
84298,crypto
54865,guns
62117,space
59243,medical
60956,xwindows
39040,crypto
103697,autos
55426,guns
103501,autos
59643,graphics
16143,crypto
21416,christian
54904,crypto
77219,mideast
52104,graphics
54542,guns
54959,guns
54366,hockey
84260,religion
60896,pc
178626,guns
179048,crypto
21783,christian
84510,christian
54538,guns
53676,mideast
77333,mideast
53397,crypto
10105,windows
21438,christian
84437,guns
54260,hockey
61304,space
68278,xwindows
104876,crypto
59457,medical
59498,guns
38920,crypto
55270,crypto
52265,crypto
55115,guns
10102,xwindows
21713,christian
54036,hockey
53998,hockey
77297,mideast
68114,xwindows
61567,crypto
178779,politics
105023,baseball
104985,baseball
59554,medical
76841,pc
39016,graphics
15928,crypto
77392,mideast
52087,forsale
15944,crypto
104858,hockey
62480,crypto
16012,crypto
54020,hockey
62118,space
16009,crypto
15945,crypto
61470,space
84178,christian
84350,space
16134,crypto
76369,mideast
54334,electronics
67547,crypto
59407,space
10185,pc
103808,autos
68088,crypto
15788,crypto
21557,christian
15849,crypto
10044,windows
84436,religion
103136,motorcycles
21728,crypto
54606,crypto
104753,crypto
39666,xwindows
68000,crypto
68160,crypto
54951,graphics
15954,crypto
15834,crypto
103814,autos
16142,crypto
15999,crypto
21565,christian
61281,space
60810,crypto
21523,christian
59237,medical
51966,pc
59473,motorcycles
54730,hockey
21714,christian
54209,crypto
103687,forsale
77388,mideast
10697,windows
67431,crypto
178749,politics
54547,hockey
52285,windows
16079,crypto
59620,crypto
59461,medical
15996,crypto
61145,crypto
10135,windows
104946,guns
52125,mac
21418,christian
104763,hockey
67551,windows
84440,religion
54304,hockey
10190,crypto
38766,windows
21423,christian
76535,crypto
103127,guns
55058,guns
59348,medical
38836,graphics
59617,crypto
68300,graphics
104917,autos
54731,hockey
76522,forsale
16131,crypto
68081,windows
76595,forsale
178628,politics
77336,xwindows
67450,xwindows
16063,crypto
53890,hockey
84244,crypto
15861,crypto
104911,motorcycles
39070,electronics
67405,xwindows
68187,crypto
59336,electronics
54364,hockey
10161,windows
16038,crypto
178780,mideast
10857,windows
21412,christian
179087,guns
104827,hockey
21605,christian
104880,christian
59451,crypto
76244,crypto
68007,xwindows
103746,autos
55089,guns
61052,pc
21623,christian
76381,mideast
54323,crypto
15839,crypto
68010,crypto
178763,guns
54297,hockey
52080,mac
104955,crypto
103689,electronics
84553,christian
15931,crypto
105208,crypto
10663,electronics
54173,crypto
54044,crypto
53491,crypto
54828,guns
59358,medical
54054,hockey
21329,crypto
21462,christian
16003,crypto
103075,autos
39676,windows
21519,christian
39025,graphics
76682,forsale
67544,xwindows
76850,pc
52216,crypto
104773,crypto
67537,crypto
61467,space
59535,medical
54008,hockey
103048,crypto
76449,mideast
104809,motorcycles
76669,forsale
39674,xwindows
52050,windows
76128,pc
21629,christian
15940,crypto
54259,hockey
84205,crypto
53454,crypto
103218,crypto
68214,xwindows
77809,mideast
84291,electronics
60800,pc
15934,crypto
52296,xwindows
60886,crypto
104731,crypto
10783,crypto
16060,crypto
76780,forsale
38898,crypto
52097,mac
60983,crypto
21700,christian
104684,baseball
59644,guns
59559,medical
105155,guns
54770,guns
104837,hockey
15888,crypto
51987,graphics
38815,xwindows
103724,motorcycles
21491,politics
103348,autos
38811,graphics
51944,mac
67523,crypto
55093,guns
15902,crypto
55232,guns
59292,crypto
76429,mideast
10935,xwindows
84451,mideast
10840,windows
178882,politics
54074,hockey
104808,motorcycles
103334,autos
59634,crypto
84272,religion
59317,crypto
178700,guns
61341,space
54841,guns
76412,mideast
55488,guns
179031,politics
104780,crypto
52446,crypto
53420,crypto
77291,mideast
52111,xwindows
77302,mideast
16059,crypto
16005,crypto
54501,electronics
16070,crypto
52228,crypto
10040,crypto
67545,xwindows
68171,xwindows
15749,crypto
84285,religion
54155,electronics
103310,electronics
67404,crypto
84245,christian
76807,medical
61502,crypto
38928,crypto
54244,hockey
76446,politics
54198,electronics
105299,crypto
10693,windows
38786,windows
67504,windows
67409,xwindows
54840,graphics
68272,xwindows
38932,xwindows
54308,hockey
84433,electronics
38792,windows
61411,space
61544,space
21615,christian
105004,guns
21601,christian
52028,crypto
103509,guns
55425,guns
60856,crypto
61048,pc
55064,guns
77177,mideast
55276,guns
83915,christian
59277,crypto
53995,hockey
15962,guns
84351,mideast
10078,windows
67983,xwindows
54053,hockey
76566,mideast
76358,forsale
16149,crypto
53541,christian
21627,christian
84194,religion
60979,pc
62406,crypto
15966,crypto
54532,xwindows
178762,guns
54521,hockey
16133,crypto
21755,christian
76310,forsale
60918,pc
10802,windows
10156,crypto
38896,graphics
103156,autos
61459,space
67565,windows
67493,xwindows
54248,hockey
61292,space
179001,crypto
104688,motorcycles
59435,medical
84320,crypto
103205,autos
68138,crypto
21685,christian
68046,crypto
60831,pc
52029,crypto
53417,religion
53658,atheism
105215,hockey
52109,mac
16123,crypto
53357,guns
76467,mideast
53628,christian
103718,windows
54099,hockey
103261,electronics
67402,xwindows
53472,religion
38826,crypto
21673,christian
53951,hockey
104740,baseball
77325,mideast
21532,politics
59469,crypto
15790,crypto
21722,christian
105002,crypto
103037,space
53536,crypto
76846,guns
16145,crypto
60788,pc
59426,medical
105040,baseball
16085,crypto
77365,mideast
178764,guns
15768,crypto
68259,xwindows
61377,space
54577,guns
59312,electronics
52129,crypto
59619,graphics
54745,crypto
38897,crypto
103665,autos
38990,graphics
10030,windows
59496,medical
54687,guns
68008,graphics
67505,space
15728,crypto
76941,electronics
39642,graphics
59381,graphics
61328,space
76233,crypto
105221,motorcycles
104836,baseball
10100,windows
39628,crypto
10858,windows
54027,electronics
67451,xwindows
52193,mac
59601,medical
105202,motorcycles
55112,guns
76786,crypto
84219,politics
104772,crypto
39008,space
178677,politics
54063,hockey
61301,crypto
38813,pc
39082,crypto
60930,crypto
51984,electronics
105017,graphics
10794,graphics
59327,atheism
68047,crypto
54751,guns
10826,graphics
68242,crypto
59282,space
10143,windows
59462,crypto
105098,hockey
104690,space
15852,crypto
76589,forsale
68213,graphics
16084,crypto
178885,mideast
62415,space
54263,hockey
21778,christian
59544,medical
53989,hockey
61266,space
51983,mac
76504,windows
15955,crypto
10662,crypto
21736,christian
54747,hockey
10724,graphics
15904,crypto
16023,crypto
61282,space
60780,pc
54683,guns
21422,christian
53412,mideast
54714,guns
77823,mideast
38994,crypto
59514,graphics
55264,autos
104864,baseball
105234,crypto
76829,windows
76263,forsale
15899,crypto
76573,forsale
61553,crypto
103672,autos
84292,electronics
61436,space
53925,hockey
179062,crypto
52135,windows
52233,electronics
77258,mideast
84565,crypto
38861,graphics
52263,forsale
62475,space
60842,pc
76401,mideast
16047,crypto
53332,christian
61170,pc
104766,crypto
21451,christian
103327,autos
105015,hockey
53482,guns
60982,crypto
61406,guns
10104,xwindows
61169,crypto
76207,pc
103528,autos
103124,electronics
61294,space
54876,crypto
84215,space
55279,guns
59550,crypto
10038,crypto
61000,electronics
178788,guns
51960,electronics
54275,hockey
39063,xwindows
68246,xwindows
103145,autos
60929,electronics
103315,space
77259,mideast
59566,politics
77180,mideast
60855,pc
62390,electronics
10142,pc
77348,mideast
76122,forsale
61531,space
83968,electronics
76123,pc
67572,crypto
76902,crypto
54141,crypto
21805,christian
61051,pc
21761,christian
76802,forsale
54302,hockey
21497,christian
67406,windows
61078,pc
179110,politics
52007,electronics
54950,guns
39671,crypto
59533,christian
53952,hockey
105144,motorcycles
77246,mideast
104644,baseball
54153,electronics
61336,space
38821,crypto
21537,christian
39031,graphics
21618,christian
10080,windows
103240,crypto
62113,electronics
68115,xwindows
53609,atheism
77401,mideast
15761,crypto
178664,politics
15865,crypto
84053,guns
54282,electronics
54487,electronics
39026,crypto
52407,mac
67567,xwindows
54070,electronics
21697,christian
68077,windows
76435,mideast
60944,pc
38996,graphics
52243,mac
38924,xwindows
76561,mideast
38765,crypto
60950,pc
76510,electronics
59255,crypto
59372,medical
60949,pc
77387,mideast
105214,motorcycles
54245,hockey
84223,politics
105114,politics
68205,crypto
104704,crypto
60803,windows
53944,hockey
61494,space
179115,crypto
104967,windows
68019,xwindows
76644,electronics
76339,graphics
104950,guns
21656,guns
179085,politics
105066,hockey
54246,hockey
68256,graphics
61505,crypto
21487,christian
54042,hockey
76568,mideast
21786,politics
61161,pc
76196,forsale
21439,christian
76781,electronics
52295,pc
103678,autos
39624,graphics
54300,hockey
77368,mideast
77195,mideast
84300,crypto
60808,electronics
59569,space
38905,mac
104953,crypto
61392,space
39056,electronics
15975,crypto
10743,graphics
21578,christian
84083,graphics
21561,christian
15993,crypto
67481,xwindows
52276,electronics
105072,baseball
76248,forsale
104828,hockey
61177,pc
76440,mideast
179056,politics
76800,forsale
10911,crypto
10815,mac
105222,autos
103409,autos
68136,electronics
68313,crypto
67411,crypto
54314,mac
61260,space
54614,guns
54612,guns
61064,pc
54160,hockey
38884,crypto
54252,electronics
39052,crypto
105022,baseball
53793,mideast
59482,crypto
60900,electronics
54234,windows
10055,windows
59340,medical
76231,autos
52301,electronics
59646,crypto
179091,crypto
77371,mideast
54081,hockey
10648,graphics
105229,mideast
62401,crypto
52329,xwindows
76366,mideast
52036,baseball
10062,crypto
76810,graphics
103144,motorcycles
61167,electronics
53543,mideast
39069,graphics
76793,forsale
21706,christian
61162,crypto
54617,guns
38986,graphics
52287,crypto
10660,crypto
76478,mideast
104736,baseball
76206,mac
59291,crypto
10618,graphics
53408,mideast
53663,atheism
62408,crypto
103417,autos
105033,crypto
52346,crypto
52040,pc
55476,mideast
21516,christian
21529,christian
53812,atheism
104833,crypto
103698,autos
54090,hockey
54636,guns
103207,guns
61504,space
52185,baseball
105102,autos
105026,baseball
21549,crypto
68085,xwindows
77301,mideast
15733,crypto
76311,forsale
59404,crypto
103420,forsale
76673,forsale
52105,mac
61484,space
54136,crypto
76232,pc
103299,autos
77222,mideast
103150,autos
59361,medical
54270,electronics
10874,windows
54499,crypto
21441,christian
15946,crypto
21507,christian
77255,mideast
39736,electronics
52247,autos
52136,electronics
10841,pc
76869,mac
61130,pc
103805,graphics
76252,forsale
10013,windows
10198,windows
67466,xwindows
21746,christian
76832,electronics
10158,windows
179006,guns
54858,guns
179098,guns
104745,hockey
103802,graphics
68117,windows
68195,crypto
105157,baseball
15775,crypto
76660,guns
54913,guns
77385,mideast
55039,guns
68002,crypto
54315,mac
103175,autos
60952,windows
77295,mideast
61026,pc
76462,mideast
68003,electronics
38854,crypto
10782,windows
55123,guns
54137,electronics
59258,crypto
77389,mideast
15792,crypto
105125,motorcycles
54497,christian
39672,crypto
15785,crypto
54553,guns
52064,medical
178639,guns
178790,mideast
68320,xwindows
104672,windows
60742,crypto
76860,pc
10788,windows
76880,autos
54777,hockey
61255,politics
59377,medical
178919,hockey
54046,hockey
178625,guns
104843,baseball
54584,guns
76340,graphics
68279,xwindows
76125,hockey
21806,crypto
10164,windows
179046,crypto
84137,religion
16020,crypto
76256,autos
67414,xwindows
21617,christian
10824,pc
16043,crypto
178623,guns
60970,pc
103647,autos
15820,crypto
10695,crypto
103369,autos
54330,crypto
104765,crypto
53957,hockey
84207,christian
60835,graphics
10862,windows
59290,politics
21709,politics
67401,crypto
103352,autos
54216,electronics
61046,mac
104882,mideast
10740,xwindows
15760,crypto
54278,electronics
67539,graphics
60785,pc
61429,crypto
105124,electronics
61542,electronics
54243,hockey
21772,christian
103461,autos
179071,politics
104979,baseball
76453,mideast
103780,electronics
52063,mac
61517,crypto
59307,politics
,windows
